ID	AUTHOR	ALBUM	PART	MIDI PATH	TEMPO	DURATION	DATE	SIZE	F0 PATH	MP3 PATH	OGG PATH
00001	Mendelssohn	Songs without Words Book 1, Opus 19(1830)	No. 1	midis/mendelssohn/mendel_op19_1.mid	Andante con moto	2:46	2014-11-01	15 KB	midis/mendelssohn/mendel_op19_1_format0.mid	mp3_link.php?id=4d28f1fbf897f8f3bb7446c1372d628b&amp;file=mendel_op19_1.mp3	ogg/mendelssohn/mendel_op19_1.ogg
00002	Mendelssohn	Songs without Words Book 1, Opus 19(1830)	No. 2	midis/mendelssohn/mendel_op19_2.mid	Andante expressivo	2:48	2014-12-01	9 KB	midis/mendelssohn/mendel_op19_2_format0.mid	mp3_link.php?id=3d1e72e9306a2b31758844410f3e5d97&amp;file=mendel_op19_2.mp3	ogg/mendelssohn/mendel_op19_2.ogg
00003	Mendelssohn	Songs without Words Book 1, Opus 19(1830)	No. 3	midis/mendelssohn/mendel_op19_3.mid	Molto Allegro e vivace	2:18	2015-01-01	20 KB	midis/mendelssohn/mendel_op19_3_format0.mid	mp3_link.php?id=b224bca4799463c78a57535ea999667d&amp;file=mendel_op19_3.mp3	ogg/mendelssohn/mendel_op19_3.ogg
00004	Mendelssohn	Songs without Words Book 1, Opus 19(1830)	No. 4	midis/mendelssohn/mendel_op19_4.mid	Moderato	1:46	2015-02-01	6 KB	midis/mendelssohn/mendel_op19_4_format0.mid	mp3_link.php?id=25700cb4cb0edd51da80fef71d57112f&amp;file=mendel_op19_4.mp3	ogg/mendelssohn/mendel_op19_4.ogg
00005	Mendelssohn	Songs without Words Book 1, Opus 19(1830)	No. 5	midis/mendelssohn/mendel_op19_5.mid	Piano agitato	2:56	2015-03-01	24 KB	midis/mendelssohn/mendel_op19_5_format0.mid	mp3_link.php?id=810f0ebb37a1697b9079db3e89ba061d&amp;file=mendel_op19_5.mp3	ogg/mendelssohn/mendel_op19_5.ogg
00006	Mendelssohn	Songs without Words Book 1, Opus 19(1830)	No. 6 - Venetian Gondola Song	midis/mendelssohn/mendel_op19_6.mid	Andante sostenuto	2:41	2015-04-01	8 KB	midis/mendelssohn/mendel_op19_6_format0.mid	mp3_link.php?id=648e3b190277bdc0375070ce32527fc2&amp;file=mendel_op19_6.mp3	ogg/mendelssohn/mendel_op19_6.ogg
00007	Mendelssohn	Songs without Words Book 2, Opus 30(1834)	No. 1	midis/mendelssohn/mendel_op30_1.mid	Andante espressivo	4:19	2014-04-03	19 KB	midis/mendelssohn/mendel_op30_1_format0.mid	mp3_link.php?id=4ac7850fecaef47223dff1f8d2a235ef&amp;file=mendel_op30_1.mp3	ogg/mendelssohn/mendel_op30_1.ogg
00008	Mendelssohn	Songs without Words Book 2, Opus 30(1834)	No. 2	midis/mendelssohn/mendel_op30_2.mid	Allegro di molto	2:04	2015-05-01	16 KB	midis/mendelssohn/mendel_op30_2_format0.mid	mp3_link.php?id=4970c4a18c178862d2c2ab5440d24f65&amp;file=mendel_op30_2.mp3	ogg/mendelssohn/mendel_op30_2.ogg
00009	Mendelssohn	Songs without Words Book 2, Opus 30(1834)	No. 3	midis/mendelssohn/mendel_op30_3.mid	Adagio non troppo	1:44	2015-06-01	5 KB	midis/mendelssohn/mendel_op30_3_format0.mid	mp3_link.php?id=e3e96cd6a8b402c7b472d2f2f12c7c5a&amp;file=mendel_op30_3.mp3	ogg/mendelssohn/mendel_op30_3.ogg
00010	Mendelssohn	Songs without Words Book 2, Opus 30(1834)	No. 4	midis/mendelssohn/mendel_op30_4.mid	Agitato e con fuoco	2:40	2015-07-01	27 KB	midis/mendelssohn/mendel_op30_4_format0.mid	mp3_link.php?id=ef117bf4cc2b1b04aaba22330165ea02&amp;file=mendel_op30_4.mp3	ogg/mendelssohn/mendel_op30_4.ogg
00011	Mendelssohn	Songs without Words Book 2, Opus 30(1834)	No. 5	midis/mendelssohn/mendel_op30_5.mid	Andante grazioso	1:53	2015-08-01	13 KB	midis/mendelssohn/mendel_op30_5_format0.mid	mp3_link.php?id=01ebcd295d4c1f97306c35d2fbe60e7d&amp;file=mendel_op30_5.mp3	ogg/mendelssohn/mendel_op30_5.ogg
00012	Mendelssohn	Songs without Words Book 4, Opus 53(1841)	No. 5 - Folk song	midis/mendelssohn/mendel_op53_5.mid	Allegro con fuoco	2:35	2014-04-03	17 KB	midis/mendelssohn/mendel_op53_5_format0.mid	mp3_link.php?id=b90377ac8b7f21d17c6d9426c5310381&amp;file=mendel_op53_5.mp3	ogg/mendelssohn/mendel_op53_5.ogg
00013	Mendelssohn	Songs without Words Book 5, Opus 62(1844)	No. 3 - Funeral march	midis/mendelssohn/mendel_op62_3.mid	Andante maestoso	3:06	2014-04-03	9 KB	midis/mendelssohn/mendel_op62_3_format0.mid	mp3_link.php?id=886279303dc35f28650ca4f2e64c1b5d&amp;file=mendel_op62_3.mp3	ogg/mendelssohn/mendel_op62_3.ogg
00014	Mendelssohn	Songs without Words Book 5, Opus 62(1844)	No. 4 - Morning Song	midis/mendelssohn/mendel_op62_4.mid	Allegro con anima	1:18	2014-04-03	8 KB	midis/mendelssohn/mendel_op62_4_format0.mid	mp3_link.php?id=d2babd4811f10f69b96236217c5b7531&amp;file=mendel_op62_4.mp3	ogg/mendelssohn/mendel_op62_4.ogg
00015	Mendelssohn	Songs without Words Book 5, Opus 62(1844)	No. 5 - Venetian Gondola Song	midis/mendelssohn/mendel_op62_5.mid	Andante con moto	2:39	2014-04-03	10 KB	midis/mendelssohn/mendel_op62_5_format0.mid	mp3_link.php?id=e5ef2189251d9058f88ad9a4de0cb000&amp;file=mendel_op62_5.mp3	ogg/mendelssohn/mendel_op62_5.ogg
00016	Brahms	Sonata C major, Opus 1(1853)	1. Movement	midis/brahms/brahms_opus1_1.mid	Allegro	11:29	2009-11-01	60 KB	midis/brahms/brahms_opus1_1_format0.mid	mp3_link.php?id=70ad87736fc13264dd0718fc3f6d8779&amp;file=brahms_opus1_1.mp3	ogg/brahms/brahms_opus1_1.ogg
00017	Brahms	Sonata C major, Opus 1(1853)	2. Movement	midis/brahms/brahms_opus1_2.mid	Andante	4:42	2009-12-01	14 KB	midis/brahms/brahms_opus1_2_format0.mid	mp3_link.php?id=c6a2ff5a95c459b6381bc309a8a7fa86&amp;file=brahms_opus1_2.mp3	ogg/brahms/brahms_opus1_2.ogg
00018	Brahms	Sonata C major, Opus 1(1853)	3. Movement	midis/brahms/brahms_opus1_3.mid	Scherzo	6:22	2010-01-01	41 KB	midis/brahms/brahms_opus1_3_format0.mid	mp3_link.php?id=67376b7a9edffaaa40dc20b969c2b8a3&amp;file=brahms_opus1_3.mp3	ogg/brahms/brahms_opus1_3.ogg
00019	Brahms	Sonata C major, Opus 1(1853)	4. Movement	midis/brahms/brahms_opus1_4.mid	Finale - Allegro con fuoco	6:56	2010-01-27	48 KB	midis/brahms/brahms_opus1_4_format0.mid	mp3_link.php?id=bb63264316845ae5cf097d5533f61214&amp;file=brahms_opus1_4.mp3	ogg/brahms/brahms_opus1_4.ogg
00020	Brahms	7 Fantasia, Opus 116(1892)	No. 2 - Intermezzo	midis/brahms/br_im2.mid	Andante	2:43	2010-10-28	12 KB	midis/brahms/br_im2_format0.mid	mp3_link.php?id=a0e125af7bc89ac7d411eb0698e5b822&amp;file=br_im2.mp3	ogg/brahms/br_im2.ogg
00021	Brahms	7 Fantasia, Opus 116(1892)	No. 5 - Intermezzo	midis/brahms/br_im5.mid	Andante con grazia ed intimissomo sentimento	2:55	2010-10-31	11 KB	midis/brahms/br_im5_format0.mid	mp3_link.php?id=b4595ae2ef3ebc8058fd576d1f805865&amp;file=br_im5.mp3	ogg/brahms/br_im5.ogg
00022	Brahms	7 Fantasia, Opus 116(1892)	No. 6 - Intermezzo	midis/brahms/br_im6.mid	Andantino teneramente	2:23	2010-10-31	11 KB	midis/brahms/br_im6_format0.mid	mp3_link.php?id=a5535b105e252a8092db23d91f6ff074&amp;file=br_im6.mp3	ogg/brahms/br_im6.ogg
00023	Brahms	3 Intermezzi, Opus 117(1892)	No. 1	midis/brahms/brahms_opus117_1.mid	Andante moderato	4:39	2011-01-01	12 KB	midis/brahms/brahms_opus117_1_format0.mid	mp3_link.php?id=5c7d34add3bc48138386e70c95d4d6d8&amp;file=brahms_opus117_1.mp3	ogg/brahms/brahms_opus117_1.ogg
00024	Brahms	3 Intermezzi, Opus 117(1892)	No. 2	midis/brahms/brahms_opus117_2.mid	Andante moderato	3:37	2011-02-01	12 KB	midis/brahms/brahms_opus117_2_format0.mid	mp3_link.php?id=4faa97a4e8b75045a85fc58121f273b1&amp;file=brahms_opus117_2.mp3	ogg/brahms/brahms_opus117_2.ogg
00025	Brahms	4 Piano pieces, Opus 119(1893)	Rhapsodie	midis/brahms/br_rhap.mid	Allegro risoluto	4:58	2010-11-04	30 KB	midis/brahms/br_rhap_format0.mid	mp3_link.php?id=597697b603e44464c5c761176e8b39af&amp;file=br_rhap.mp3	ogg/brahms/br_rhap.ogg
00026	Grieg	Lyric Pieces Book I, Opus 12(1867)	No. 2 - Valse	midis/grieg/grieg_walzer.mid	Allegro moderato	1:48	2012-10-27	8 KB	midis/grieg/grieg_walzer_format0.mid	mp3_link.php?id=d5012c5b636c00969d43e3ced863c906&amp;file=grieg_walzer.mp3	ogg/grieg/grieg_walzer.ogg
00027	Grieg	Lyric Pieces Book I, Opus 12(1867)	No. 3 - Watchman's song	midis/grieg/grieg_waechter.mid	Molto andante e simplice	2:47	2012-10-28	7 KB	midis/grieg/grieg_waechter_format0.mid	mp3_link.php?id=2dd0a3e7599295616bb62b569f039019&amp;file=grieg_waechter.mp3	ogg/grieg/grieg_waechter.ogg
00028	Grieg	Lyric Pieces Book I, Opus 12(1867)	No. 4 - Fairy Dance	midis/grieg/grieg_elfentanz.mid	Molto allegro e sempre staccato	1:54	2012-10-29	9 KB	midis/grieg/grieg_elfentanz_format0.mid	mp3_link.php?id=a7521b6f8b4466d5dc9a551dc2f79272&amp;file=grieg_elfentanz.mp3	ogg/grieg/grieg_elfentanz.ogg
00029	Grieg	Lyric Pieces Book II , Opus 38(1883)	No. 1 - Berceuse	midis/grieg/grieg_berceuse.mid	Allegretto tranquillo	2:38	2013-07-01	10 KB	midis/grieg/grieg_berceuse_format0.mid	mp3_link.php?id=cb1db3c6d5383369ffb5a4f3a48ebcb4&amp;file=grieg_berceuse.mp3	ogg/grieg/grieg_berceuse.ogg
00030	Grieg	Lyric Pieces Book II , Opus 38(1883)	No. 4 - Halling	midis/grieg/grieg_halling.mid	Allegro marcato	0:51	2012-11-03	5 KB	midis/grieg/grieg_halling_format0.mid	mp3_link.php?id=3b621e0cde28db84069ec130f6b3d380&amp;file=grieg_halling.mp3	ogg/grieg/grieg_halling.ogg
00031	Grieg	Lyric Pieces Book III, Opus 43(1886)	No. 1 - Butterfly	midis/grieg/grieg_butterfly.mid	Allegro grazioso	1:37	2012-11-04	13 KB	midis/grieg/grieg_butterfly_format0.mid	mp3_link.php?id=5326b7a1896f93795724e477bd6e510c&amp;file=grieg_butterfly.mp3	ogg/grieg/grieg_butterfly.ogg
00032	Grieg	Lyric Pieces Book III, Opus 43(1886)	No. 2 - Solitary Traveller	midis/grieg/grieg_wanderer.mid	Allegro semplice	1:41	2012-11-05	5 KB	midis/grieg/grieg_wanderer_format0.mid	mp3_link.php?id=41726700ed96a357b4e57a866c4f43dc&amp;file=grieg_wanderer.mp3	ogg/grieg/grieg_wanderer.ogg
00033	Grieg	Lyric Pieces Book III, Opus 43(1886)	No. 4 - Little Bird	midis/grieg/grieg_voeglein.mid	Allegro leggiero	1:37	2012-11-06	9 KB	midis/grieg/grieg_voeglein_format0.mid	mp3_link.php?id=4ba3214391ebe450acb7925e71216997&amp;file=grieg_voeglein.mp3	ogg/grieg/grieg_voeglein.ogg
00034	Grieg	Lyric Pieces Book III, Opus 43(1886)	No. 6 - To Spring	midis/grieg/grieg_spring.mid	Allegro appassionato	2:34	2013-08-01	17 KB	midis/grieg/grieg_spring_format0.mid	mp3_link.php?id=861a4f2da993f48edc2d69c54d4774af&amp;file=grieg_spring.mp3	ogg/grieg/grieg_spring.ogg
00035	Grieg	Lyric Pieces Book IV , Opus 47	No. 2 - Album Leaf	midis/grieg/grieg_album.mid	Allegro vivace e grazioso	3:07	2013-09-01	17 KB	midis/grieg/grieg_album_format0.mid	mp3_link.php?id=da713a09186b612ffbaa961eac13e69c&amp;file=grieg_album.mp3	ogg/grieg/grieg_album.ogg
00036	Grieg	Lyric Pieces Book V, Opus 54(1891)	No. 2 - Norwegian March	midis/grieg/grieg_march.mid	Allegretto marcato	3:01	2013-10-01	18 KB	midis/grieg/grieg_march_format0.mid	mp3_link.php?id=52acfc65f82e230883e5d7e9b13b89ff&amp;file=grieg_march.mp3	ogg/grieg/grieg_march.ogg
00037	Grieg	Lyric Pieces Book V, Opus 54(1891)	No. 3 - March of the Dwarfs	midis/grieg/grieg_zwerge.mid	Allegro moderato	2:36	2012-11-08	20 KB	midis/grieg/grieg_zwerge_format0.mid	mp3_link.php?id=62e6024c314635b05b550c3d7694a2bd&amp;file=grieg_zwerge.mp3	ogg/grieg/grieg_zwerge.ogg
00038	Grieg	Lyric Pieces Book VII , Opus 62(1895)	No. 4 - Brooklet	midis/grieg/grieg_brooklet.mid	Allegro leggiore	1:23	2013-11-01	18 KB	midis/grieg/grieg_brooklet_format0.mid	mp3_link.php?id=b9a6ebe9aa9f1c1149045390258371f0&amp;file=grieg_brooklet.mp3	ogg/grieg/grieg_brooklet.ogg
00039	Grieg	Lyric Pieces Book VIII, Opus 65	No. 6 - Wedding-day at Troldhaugen	midis/grieg/grieg_wedding.mid	Tempo di Marcia un poco vivace	5:33	2012-11-18	34 KB	midis/grieg/grieg_wedding_format0.mid	mp3_link.php?id=23e36a8a62181ab8278c83eee08f63e0&amp;file=grieg_wedding.mp3	ogg/grieg/grieg_wedding.ogg
00040	Grieg	Lyric Pieces Book X, Opus 71(1901)	No. 1 - Once upon a Time	midis/grieg/grieg_once_upon_a_time.mid	Andante con moto	4:17	2013-12-01	16 KB	midis/grieg/grieg_once_upon_a_time_format0.mid	mp3_link.php?id=7fef08e3d6f87fd8a85bbae126f6b39b&amp;file=grieg_once_upon_a_time.mp3	ogg/grieg/grieg_once_upon_a_time.ogg
00041	Grieg	Lyric Pieces Book X, Opus 71(1901)	No. 3 - Puck	midis/grieg/grieg_kobold.mid	Tempo di Marcia un poco vivace	1:24	2012-11-19	13 KB	midis/grieg/grieg_kobold_format0.mid	mp3_link.php?id=cd0efffb0a5401662a3f96fd49238c44&amp;file=grieg_kobold.mp3	ogg/grieg/grieg_kobold.ogg
00042	Schumann	Abegg Variations, Opus 1(1830)	Thema, Var.I, Var.II, Var.III, Finale alla Fantasia	midis/schumann/schum_abegg.mid	Animato	6:14	2014-03-25	58 KB	midis/schumann/schum_abegg_format0.mid	mp3_link.php?id=a10edce67db69e9a3b8de42f785288c1&amp;file=schum_abegg.mp3	ogg/schumann/schum_abegg.ogg
00043	Schumann	Scenes from Childhood, Opus 15(1838)	A Tale of Distant Lands	midis/schumann/scn15_1.mid	None	1:19	2014-03-26	6 KB	midis/schumann/scn15_1_format0.mid	mp3_link.php?id=678e4a935ae9feeba52aebf3b0ace04c&amp;file=scn15_1.mp3	ogg/schumann/scn15_1.ogg
00044	Schumann	Scenes from Childhood, Opus 15(1838)	Curious Story	midis/schumann/scn15_2.mid	None	0:56	2014-03-26	7 KB	midis/schumann/scn15_2_format0.mid	mp3_link.php?id=db39ed7689edc7f1a7d7ffb191a9d94c&amp;file=scn15_2.mp3	ogg/schumann/scn15_2.ogg
00045	Schumann	Scenes from Childhood, Opus 15(1838)	Blindman's Buff	midis/schumann/scn15_3.mid	None	0:31	2014-03-26	6 KB	midis/schumann/scn15_3_format0.mid	mp3_link.php?id=b1bdc5dbd612a83edb9143d41e45f73e&amp;file=scn15_3.mp3	ogg/schumann/scn15_3.ogg
00046	Schumann	Scenes from Childhood, Opus 15(1838)	Pleading Child	midis/schumann/scn15_4.mid	None	0:40	2014-03-26	4 KB	midis/schumann/scn15_4_format0.mid	mp3_link.php?id=360ec346c8164a21bdf2de94f2bab57b&amp;file=scn15_4.mp3	ogg/schumann/scn15_4.ogg
00047	Schumann	Scenes from Childhood, Opus 15(1838)	Perfect Happiness	midis/schumann/scn15_5.mid	None	1:13	2014-03-26	9 KB	midis/schumann/scn15_5_format0.mid	mp3_link.php?id=6fbd42b10d2735518aa0bfae82add15d&amp;file=scn15_5.mp3	ogg/schumann/scn15_5.ogg
00048	Schumann	Scenes from Childhood, Opus 15(1838)	Great Adventure	midis/schumann/scn15_6.mid	None	0:47	2014-03-26	6 KB	midis/schumann/scn15_6_format0.mid	mp3_link.php?id=0c59afbde9619c00974fe29d5230de4a&amp;file=scn15_6.mp3	ogg/schumann/scn15_6.ogg
00049	Schumann	Scenes from Childhood, Opus 15(1838)	Reverie	midis/schumann/scn15_7.mid	None	2:08	2014-03-26	6 KB	midis/schumann/scn15_7_format0.mid	mp3_link.php?id=ba4ebf2e1c4c094fe1df63af2f68f6f6&amp;file=scn15_7.mp3	ogg/schumann/scn15_7.ogg
00050	Schumann	Scenes from Childhood, Opus 15(1838)	By the Fire-side	midis/schumann/scn15_8.mid	None	1:07	2014-03-26	6 KB	midis/schumann/scn15_8_format0.mid	mp3_link.php?id=4a5757b47d626a19f3e4ffabe57140cd&amp;file=scn15_8.mp3	ogg/schumann/scn15_8.ogg
00051	Schumann	Scenes from Childhood, Opus 15(1838)	On the Rocking Horse	midis/schumann/scn15_9.mid	None	0:37	2014-03-26	7 KB	midis/schumann/scn15_9_format0.mid	mp3_link.php?id=e4d08c3f12d2d63689258cc62e61d197&amp;file=scn15_9.mp3	ogg/schumann/scn15_9.ogg
00052	Schumann	Scenes from Childhood, Opus 15(1838)	Almost Too Serious	midis/schumann/scn15_10.mid	None	1:12	2014-03-26	5 KB	midis/schumann/scn15_10_format0.mid	mp3_link.php?id=81098cb9dc7f95748ee066748095e83e&amp;file=scn15_10.mp3	ogg/schumann/scn15_10.ogg
00053	Schumann	Scenes from Childhood, Opus 15(1838)	Hobgoblin	midis/schumann/scn15_11.mid	None	1:16	2014-03-26	8 KB	midis/schumann/scn15_11_format0.mid	mp3_link.php?id=1c996e512e453bcf6f0f70d13a59549f&amp;file=scn15_11.mp3	ogg/schumann/scn15_11.ogg
00054	Schumann	Scenes from Childhood, Opus 15(1838)	In Slumberland	midis/schumann/scn15_12.mid	None	1:23	2014-03-26	5 KB	midis/schumann/scn15_12_format0.mid	mp3_link.php?id=22b9c67fe63e88cb17a65853bfc16c6b&amp;file=scn15_12.mp3	ogg/schumann/scn15_12.ogg
00055	Schumann	Scenes from Childhood, Opus 15(1838)	The Poet speaks	midis/schumann/scn15_13.mid	None	1:17	2014-03-26	5 KB	midis/schumann/scn15_13_format0.mid	mp3_link.php?id=0fc85e62f3ee718baa0ce3ae99c737e7&amp;file=scn15_13.mp3	ogg/schumann/scn15_13.ogg
00056	Schumann	Kreisleriana, Opus 16(1838)	No.1	midis/schumann/scn16_1.mid	Äußerst bewegt - Extremely moving	2:39	2014-03-27	19 KB	midis/schumann/scn16_1_format0.mid	mp3_link.php?id=9036c1e705c9e829b3ec21e58d77d89c&amp;file=scn16_1.mp3	ogg/schumann/scn16_1.ogg
00057	Schumann	Kreisleriana, Opus 16(1838)	No.2	midis/schumann/scn16_2.mid	Sehr innig und nicht zu rasch - Very inwardly and not too quickly	7:20	2014-03-27	36 KB	midis/schumann/scn16_2_format0.mid	mp3_link.php?id=640e8435df2ffc4cef4f1d5d808f32aa&amp;file=scn16_2.mp3	ogg/schumann/scn16_2.ogg
00058	Schumann	Kreisleriana, Opus 16(1838)	No.3	midis/schumann/scn16_3.mid	Sehr aufgeregt - Very agitated	4:14	2014-03-27	24 KB	midis/schumann/scn16_3_format0.mid	mp3_link.php?id=425db88fc4730dcb8ce192567a93ad57&amp;file=scn16_3.mp3	ogg/schumann/scn16_3.ogg
00059	Schumann	Kreisleriana, Opus 16(1838)	No.4	midis/schumann/scn16_4.mid	Sehr langsam - Very slowly	3:15	2014-03-27	8 KB	midis/schumann/scn16_4_format0.mid	mp3_link.php?id=639d616b2e4bfd1713cb3c65edc98ff1&amp;file=scn16_4.mp3	ogg/schumann/scn16_4.ogg
00060	Schumann	Kreisleriana, Opus 16(1838)	No.5	midis/schumann/scn16_5.mid	Sehr lebhaft - Very lively	3:14	2014-03-27	20 KB	midis/schumann/scn16_5_format0.mid	mp3_link.php?id=fa31811e9997496c1b7f6ba65bd3c6e1&amp;file=scn16_5.mp3	ogg/schumann/scn16_5.ogg
00061	Schumann	Kreisleriana, Opus 16(1838)	No.6	midis/schumann/scn16_6.mid	Sehr langsam - Very slowly	3:55	2014-03-27	9 KB	midis/schumann/scn16_6_format0.mid	mp3_link.php?id=cf054417ad407d575fa84887c8118b35&amp;file=scn16_6.mp3	ogg/schumann/scn16_6.ogg
00062	Schumann	Kreisleriana, Opus 16(1838)	No.7	midis/schumann/scn16_7.mid	Sehr rasch - Very Fast	2:04	2014-03-27	16 KB	midis/schumann/scn16_7_format0.mid	mp3_link.php?id=584d3cc269c47e766398a242145e3799&amp;file=scn16_7.mp3	ogg/schumann/scn16_7.ogg
00063	Schumann	Kreisleriana, Opus 16(1838)	No.8	midis/schumann/scn16_8.mid	Schnell und spielend  - Fast and playful	3:52	2014-03-28	21 KB	midis/schumann/scn16_8_format0.mid	mp3_link.php?id=aefe7ef6bdcd6846274dbc53164b9e9d&amp;file=scn16_8.mp3	ogg/schumann/scn16_8.ogg
00064	Schumann	Album for the young, Opus 68(1848)	The happy Farmer	midis/schumann/scn68_10.mid	Frisch und munter	0:50	2014-03-28	5 KB	midis/schumann/scn68_10_format0.mid	mp3_link.php?id=cca5e1f5809f27324b46a6f45ddc4208&amp;file=scn68_10.mp3	ogg/schumann/scn68_10.ogg
00065	Schumann	Album for the young, Opus 68(1848)	Knecht Ruprecht	midis/schumann/scn68_12.mid	None	1:49	2014-03-28	15 KB	midis/schumann/scn68_12_format.mid	mp3_link.php?id=b8258fbb9b113e50f094822a9f4dde68&amp;file=scn68_12.mp3	ogg/schumann/scn68_12.ogg
00066	Bach	The Well-Tempered Clavier Part I, BWV 846-869(1722)	Prelude and Fugue in C major BWV 846	midis/bach/bach_846.mid	None	3:46	2004-09-25	11 KB	midis/bach/bach_846_format0.mid	mp3_link.php?id=4326aabd96854bfdb019004e60f07c05&amp;file=bach_846.mp3	None
00067	Bach	The Well-Tempered Clavier Part I, BWV 846-869(1722)	Prelude and Fugue in C minor BWV 847	midis/bach/bach_847.mid	None	3:09	2004-09-26	15 KB	midis/bach/bach_847_format0.mid	mp3_link.php?id=a2982cbeb5edd449e9e023340e114039&amp;file=bach_847.mp3	None
00068	Bach	The Well-Tempered Clavier Part I, BWV 846-869(1722)	Prelude and Fugue in D major BWV 850	midis/bach/bach_850.mid	None	2:53	2004-09-29	12 KB	midis/bach/bach_850_format0.mid	mp3_link.php?id=bd8a62c0e4b81795cc9f0dd1889879c6&amp;file=bach_850.mp3	None
00069	Mussorgsky	Pictures at an Exhibition(1874)	Promenade - Gnomus	midis/mussorgsky/muss_1.mid	Allegro giusto, nel modo russico - Sempre vivo	3:32	2013-11-03	21 KB	midis/mussorgsky/muss_1_format0.mid	mp3_link.php?id=602034d455951b0ce6afe348afc6161a&amp;file=muss_1.mp3	ogg/mussorgsky/muss_1.ogg
00070	Mussorgsky	Pictures at an Exhibition(1874)	Promenade - Il vecchio Castello	midis/mussorgsky/muss_2.mid	Andante molto cantabile e con dolore	4:57	2013-11-12	16 KB	midis/mussorgsky/muss_2_format0.mid	mp3_link.php?id=f9d7195c5f3d2e4ff764175c96749bda&amp;file=muss_2.mp3	ogg/mussorgsky/muss_2.ogg
00071	Mussorgsky	Pictures at an Exhibition(1874)	Promenade - The Tuileries	midis/mussorgsky/muss_3.mid	Allegretto non troppo, capriccioso	1:29	2013-11-15	10 KB	midis/mussorgsky/muss_3_format0.mid	mp3_link.php?id=ee90f5647255c7873e2fe6c3cc6d7874&amp;file=muss_3.mp3	ogg/mussorgsky/muss_3.ogg
00072	Mussorgsky	Pictures at an Exhibition(1874)	Bydlo	midis/mussorgsky/muss_4.mid	Sempre moderato pesante	2:51	2013-11-18	10 KB	midis/mussorgsky/muss_4_format0.mid	mp3_link.php?id=0bdd8fa959c6a67a9e3adab01c3ce6f6&amp;file=muss_4.mp3	ogg/mussorgsky/muss_4.ogg
00073	Mussorgsky	Pictures at an Exhibition(1874)	Promenade - Ballet of the Unhatched Chickens	midis/mussorgsky/muss_5.mid	Scherzino	1:42	2013-11-22	16 KB	midis/mussorgsky/muss_5_format0.mid	mp3_link.php?id=f505663db5186513e612c292d56819fb&amp;file=muss_5.mp3	ogg/mussorgsky/muss_5.ogg
00074	Mussorgsky	Pictures at an Exhibition(1874)	Samuel Goldenberg and Schmuyle	midis/mussorgsky/muss_6.mid	Andante	2:04	2013-12-03	11 KB	midis/mussorgsky/muss_6_format0.mid	mp3_link.php?id=86008a3ec76a2ca6a4a88cf552bf9d27&amp;file=muss_6.mp3	ogg/mussorgsky/muss_6.ogg
00075	Mussorgsky	Pictures at an Exhibition(1874)	Promenade - The Market Place of Limoges - Catacombae - Con mortuis in lingua mortua	midis/mussorgsky/muss_7.mid	None	6:03	2013-12-16	45 KB	midis/mussorgsky/muss_7_format0.mid	mp3_link.php?id=baaa7ab792509927d823646e728e8b2c&amp;file=muss_7.mp3	ogg/mussorgsky/muss_7.ogg
00076	Mussorgsky	Pictures at an Exhibition(1874)	The Hut on Chicken's Legs (Baba-Yaga) - The Great Gate of Kiev	midis/mussorgsky/muss_8.mid	Allegro con brio, feroce - Maestoso. Con grandezza	7:20	2013-12-28	61 KB	midis/mussorgsky/muss_8_format0.mid	mp3_link.php?id=df0782297a5fb4f69a3db0d7f7f13444&amp;file=muss_8.mp3	ogg/mussorgsky/muss_8.ogg
00077	Beethoven	Sonata No. 5 C minor, Opus 10/1(1798)	1. Movement	midis/beethoven/beethoven_opus10_1.mid	Allegro molto e con brio	6:31	2012-05-02	35 KB	midis/beethoven/beethoven_opus10_1_format0.mid	mp3_link.php?id=0d5cdb1f17e9485d6c1bf3c9734f525f&amp;file=beethoven_opus10_1.mp3	ogg/beethoven/beethoven_opus10_1.ogg
00078	Beethoven	Sonata No. 5 C minor, Opus 10/1(1798)	2. Movement	midis/beethoven/beethoven_opus10_2.mid	Adagio molto	6:32	2012-05-06	17 KB	midis/beethoven/beethoven_opus10_2_format0.mid	mp3_link.php?id=3f3224a8128755469f753571f2e460a8&amp;file=beethoven_opus10_2.mp3	ogg/beethoven/beethoven_opus10_2.ogg
00079	Beethoven	Sonata No. 5 C minor, Opus 10/1(1798)	3. Movement	midis/beethoven/beethoven_opus10_3.mid	Prestissimo	3:37	2012-05-09	28 KB	midis/beethoven/beethoven_opus10_3_format0.mid	mp3_link.php?id=f1fe8f825e741b98b19f7656689fe77a&amp;file=beethoven_opus10_3.mp3	ogg/beethoven/beethoven_opus10_3.ogg
00080	Beethoven	Sonata No. 8 C minor(Pathetique), Opus 13(1799)	1. Movement	midis/beethoven/pathetique_1.mid	Grave - Allegro di molto e con brio	9:22	2012-05-15	53 KB	midis/beethoven/pathetique_1_format0.mid	mp3_link.php?id=bf9118b1cf27bf43a788a149f03ab910&amp;file=pathetique_1.mp3	ogg/beethoven/pathetique_1.ogg
00081	Beethoven	Sonata No. 8 C minor(Pathetique), Opus 13(1799)	2. Movement	midis/beethoven/pathetique_2.mid	Adagio cantabile	5:12	2012-05-17	16 KB	midis/beethoven/pathetique_2_format0.mid	mp3_link.php?id=3e9c7a42dc5e680d0ef746eb102519a6&amp;file=pathetique_2.mp3	ogg/beethoven/pathetique_2.ogg
00082	Beethoven	Sonata No. 8 C minor(Pathetique), Opus 13(1799)	3. Movement	midis/beethoven/pathetique_3.mid	Rondo allegro	4:19	2012-05-21	28 KB	midis/beethoven/pathetique_3_format0.mid	mp3_link.php?id=783c04846803f08b87b86447328b7858&amp;file=pathetique_3.mp3	ogg/beethoven/pathetique_3.ogg
00083	Beethoven	Sonata No. 11 Bb major, Opus 22(1800)	1. Movement	midis/beethoven/beethoven_opus22_1.mid	Allegro con brio	6:39	2012-05-27	51 KB	midis/beethoven/beethoven_opus22_1_format0.mid	mp3_link.php?id=8bb5acbffc755cafb516927ea539c550&amp;file=beethoven_opus22_1.mp3	ogg/beethoven/beethoven_opus22_1.ogg
00084	Beethoven	Sonata No. 11 Bb major, Opus 22(1800)	2. Movement	midis/beethoven/beethoven_opus22_2.mid	Adagio con molta espressione	5:21	2012-05-28	21 KB	midis/beethoven/beethoven_opus22_2_format0.mid	mp3_link.php?id=8a56851e64ca53412b5bef96fe7563eb&amp;file=beethoven_opus22_2.mp3	ogg/beethoven/beethoven_opus22_2.ogg
00085	Beethoven	Sonata No. 11 Bb major, Opus 22(1800)	3. Movement	midis/beethoven/beethoven_opus22_3.mid	Minuetto	3:03	2012-05-29	19 KB	midis/beethoven/beethoven_opus22_3_format0.mid	mp3_link.php?id=cf393f3894a6254949eaf95e55d1eb26&amp;file=beethoven_opus22_3.mp3	ogg/beethoven/beethoven_opus22_3.ogg
00086	Beethoven	Sonata No. 11 Bb major, Opus 22(1800)	4. Movement	midis/beethoven/beethoven_opus22_4.mid	Rondo-Allegretto	4:42	2012-05-31	30 KB	midis/beethoven/beethoven_opus22_4_format0.mid	mp3_link.php?id=ebe7bc1538fc59f00d2671d959525d8e&amp;file=beethoven_opus22_4.mp3	ogg/beethoven/beethoven_opus22_4.ogg
00087	Beethoven	Sonata No. 14 C# minor(Moonlight), Opus 27/2(1801)	1. Movement	midis/beethoven/mond_1.mid	Adagio sostenuto	6:02	2012-06-03	16 KB	midis/beethoven/mond_1_format0.mid	mp3_link.php?id=ba0c63a82c1e8105980e418fdde0cbe7&amp;file=mond_1.mp3	ogg/beethoven/mond_1.ogg
00088	Beethoven	Sonata No. 14 C# minor(Moonlight), Opus 27/2(1801)	2. Movement	midis/beethoven/mond_2.mid	Allegretto	2:04	2012-06-05	10 KB	midis/beethoven/mond_2_format0.mid	mp3_link.php?id=e64210127169a58fec06ad1ad51afda8&amp;file=mond_2.mp3	ogg/beethoven/mond_2.ogg
00089	Beethoven	Sonata No. 14 C# minor(Moonlight), Opus 27/2(1801)	3. Movement	midis/beethoven/mond_3.mid	Presto agitato	6:50	2012-06-14	52 KB	midis/beethoven/mond_3_format0.mid	mp3_link.php?id=31f626baea28f677c9eff195ddb3d539&amp;file=mond_3.mp3	ogg/beethoven/mond_3.ogg
00090	Beethoven	Sonata No. 21 C major(Waldstein), Opus 53(1804)	1. Movement	midis/beethoven/waldstein_1.mid	Allegro con brio	10:21	2012-06-23	80 KB	midis/beethoven/waldstein_1_format0.mid	mp3_link.php?id=f9f6863697e7b65bf8d340df1cdcddda&amp;file=waldstein_1.mp3	ogg/beethoven/waldstein_1.ogg
00091	Beethoven	Sonata No. 21 C major(Waldstein), Opus 53(1804)	2. Movement	midis/beethoven/waldstein_2.mid	Adagio molto	4:09	2012-06-25	6 KB	midis/beethoven/waldstein_2_format0.mid	mp3_link.php?id=f12a5fa3830ac76dcfd92ceba0c875ad&amp;file=waldstein_2.mp3	ogg/beethoven/waldstein_2.ogg
00092	Beethoven	Sonata No. 21 C major(Waldstein), Opus 53(1804)	3. Movement	midis/beethoven/waldstein_3.mid	Allegro moderato	9:42	2012-07-11	75 KB	midis/beethoven/waldstein_3_format0.mid	mp3_link.php?id=2351ff67964e6f1195b5fb6e421f9e41&amp;file=waldstein_3.mp3	ogg/beethoven/waldstein_3.ogg
00093	Beethoven	Sonata No. 23 F minor(Appassionata), Opus 57(1804)	1. Movement	midis/beethoven/appass_1.mid	Allegro assai	9:22	2012-07-21	72 KB	midis/beethoven/appass_1_format0.mid	mp3_link.php?id=c7ff9a03f4bc0913fa83eb694be3b673&amp;file=appass_1.mp3	ogg/beethoven/appass_1.ogg
00094	Beethoven	Sonata No. 23 F minor(Appassionata), Opus 57(1804)	2. Movement	midis/beethoven/appass_2.mid	Andante con moto	6:13	2012-07-25	21 KB	midis/beethoven/appass_2_format0.mid	mp3_link.php?id=746fb38048e593ab16fe1794d4f61888&amp;file=appass_2.mp3	ogg/beethoven/appass_2.ogg
00095	Beethoven	Sonata No. 23 F minor(Appassionata), Opus 57(1804)	3. Movement	midis/beethoven/appass_3.mid	Allegro ma non troppo	7:48	2012-07-30	67 KB	midis/beethoven/appass_3_format0.mid	mp3_link.php?id=4415c3ebfe93a960c6cd79d549d1e13b&amp;file=appass_3.mp3	ogg/beethoven/appass_3.ogg
00096	Beethoven	Sonata No. 26 Eb major(Les Adieux), Opus 81a(1809)	1. Movement	midis/beethoven/beethoven_les_adieux_1.mid	Adagio	5:42	2012-08-06	33 KB	midis/beethoven/beethoven_les_adieux_1_format0.mid	mp3_link.php?id=57fb409214a0c56ef0511ab4d21776ab&amp;file=beethoven_les_adieux_1.mp3	ogg/beethoven/beethoven_les_adieux_1.ogg
00097	Beethoven	Sonata No. 26 Eb major(Les Adieux), Opus 81a(1809)	2. Movement	midis/beethoven/beethoven_les_adieux_2.mid	Andante espressivo	2:54	2012-08-07	10 KB	midis/beethoven/beethoven_les_adieux_2_format0.mid	mp3_link.php?id=ef27be1e1700ff2b4da8946c79a4a933&amp;file=beethoven_les_adieux_2.mp3	ogg/beethoven/beethoven_les_adieux_2.ogg
00098	Beethoven	Sonata No. 26 Eb major(Les Adieux), Opus 81a(1809)	3. Movement	midis/beethoven/beethoven_les_adieux_3.mid	Vivacissimamente	5:00	1012-08-09	45 KB	midis/beethoven/beethoven_les_adieux_3_format0.mid	mp3_link.php?id=32e26634e3b64e110b1da0afb9dcf320&amp;file=beethoven_les_adieux_3.mp3	ogg/beethoven/beethoven_les_adieux_3.ogg
00099	Beethoven	For Elise(1810)	For Elise	midis/beethoven/elise.mid	Poco moto	3:48	2012-08-30	14 KB	midis/beethoven/elise_format0.mid	mp3_link.php?id=8c19afb45b3a23b7fef643e0bf6e7560&amp;file=elise.mp3	ogg/beethoven/elise.ogg
00100	Beethoven	Sonata No. 27 E minor, Opus 90(1814)	1. Movement	midis/beethoven/beethoven_opus90_1.mid	Mit Lebhaftigkeit und durchaus mit Empfindung und Ausdruck	4:53	2015-09-01	24 KB	midis/beethoven/beethoven_opus90_1_format0.mid	mp3_link.php?id=74a1b7f7877a6e9cc21d06b191ec8950&amp;file=beethoven_opus90_1.mp3	ogg/beethoven/beethoven_opus90_1.ogg
00101	Beethoven	Sonata No. 27 E minor, Opus 90(1814)	2. Movement	midis/beethoven/beethoven_opus90_2.mid	Nicht zu geschwind und sehr singbar vorgetragen	8:14	2015-10-01	24 KB	midis/beethoven/beethoven_opus90_2_format0.mid	mp3_link.php?id=d1c32121f8fcc330d85fe21b1e3c35bf&amp;file=beethoven_opus90_2.mp3	ogg/beethoven/beethoven_opus90_2.ogg
00102	Beethoven	Sonata No. 29 Bb major(Hammerklavier), Opus 106(1818)	1. Movement	midis/beethoven/beethoven_hammerklavier_1.mid	Allegro	9:53	2012-08-15	73 KB	midis/beethoven/beethoven_hammerklavier_1_format0.mid	mp3_link.php?id=c539848aae313df97f93e557e33c8151&amp;file=beethoven_hammerklavier_1.mp3	ogg/beethoven/beethoven_hammerklavier_1.ogg
00103	Beethoven	Sonata No. 29 Bb major(Hammerklavier), Opus 106(1818)	2. Movement	midis/beethoven/beethoven_hammerklavier_2.mid	Scherzo	2:15	2012-08-16	19 KB	midis/beethoven/beethoven_hammerklavier_2_format0.mid	mp3_link.php?id=07391a032156e60fdc252401aa7462d9&amp;file=beethoven_hammerklavier_2.mp3	ogg/beethoven/beethoven_hammerklavier_2.ogg
00104	Beethoven	Sonata No. 29 Bb major(Hammerklavier), Opus 106(1818)	3. Movement	midis/beethoven/beethoven_hammerklavier_3.mid	Adagio sostenuto	12:44	2012-08-22	45 KB	midis/beethoven/beethoven_hammerklavier_3_format0.mid	mp3_link.php?id=21239c7a073e14e97018575643a4a14e&amp;file=beethoven_hammerklavier_3.mp3	ogg/beethoven/beethoven_hammerklavier_3.ogg
00105	Beethoven	Sonata No. 29 Bb major(Hammerklavier), Opus 106(1818)	4. Movement	midis/beethoven/beethoven_hammerklavier_4.mid	Largo - Allegro	10:43	2012-08-28	80 KB	midis/beethoven/beethoven_hammerklavier_4_format0.mid	mp3_link.php?id=2ca3a44a05db463442f1e782b176932d&amp;file=beethoven_hammerklavier_4.mp3	ogg/beethoven/beethoven_hammerklavier_4.ogg
00106	Moszkowski	Étincelles, Opus 36	No. 6	midis/moszkowski/mos_op36_6.mid	Allegro scherzando	2:32	2014-03-12	34 KB	midis/moszkowski/mos_op36_6_format0.mid	mp3_link.php?id=1910a052a601885f9e38c5f4918a8aed&amp;file=mos_op36_6.mp3	ogg/moszkowski/mos_op36_6.ogg
00107	Mozart	Sonata No. 8 D major, KV 311(1777)	1. Movement	midis/mozart/mz_311_1.mid	Allegro con spirito	4:19	2013-06-05	29 KB	midis/mozart/mz_311_1_format0.mid	mp3_link.php?id=92ec868e6403af5fff69dabe3fbcc286&amp;file=mz_311_1.mp3	ogg/mozart/mz_311_1.ogg
00108	Mozart	Sonata No. 8 D major, KV 311(1777)	2. Movement	midis/mozart/mz_311_2.mid	Andantino con espressione	4:39	2013-06-06	16 KB	midis/mozart/mz_311_2_format0.mid	mp3_link.php?id=373eb5824fe26e9f79fdfcb5d37eb4a7&amp;file=mz_311_2.mp3	ogg/mozart/mz_311_2.ogg
00109	Mozart	Sonata No. 8 D major, KV 311(1777)	3. Movement	midis/mozart/mz_311_3.mid	Rondo Allegro	6:05	2013-06-09	35 KB	midis/mozart/mz_311_3_format0.mid	mp3_link.php?id=6a32ee18ea5808dd2e0e633a2f50f271&amp;file=mz_311_3.mp3	ogg/mozart/mz_311_3.ogg
00110	Mozart	Sonata No. 10 C major, KV 330(1783)	1. Movement	midis/mozart/mz_330_1.mid	Allegro moderato	8:58	2013-06-16	41 KB	midis/mozart/mz_330_1_format0.mid	mp3_link.php?id=84eae3365e6414aa4ff4f5f288f21851&amp;file=mz_330_1.mp3	ogg/mozart/mz_330_1.ogg
00111	Mozart	Sonata No. 10 C major, KV 330(1783)	2. Movement	midis/mozart/mz_330_2.mid	Andante cantabile	6:36	2013-06-20	18 KB	midis/mozart/mz_330_2_format0.mid	mp3_link.php?id=b3802f69a7bcbdd22014ca6b26d5756c&amp;file=mz_330_2.mp3	ogg/mozart/mz_330_2.ogg
00112	Mozart	Sonata No. 10 C major, KV 330(1783)	3. Movement	midis/mozart/mz_330_3.mid	Allegretto	8:03	2013-06-24	39 KB	midis/mozart/mz_330_3_format0.mid	mp3_link.php?id=5cd98efbe3641b23fff9968085d759d0&amp;file=mz_330_3.mp3	ogg/mozart/mz_330_3.ogg
00113	Mozart	Sonata No. 11 A major(Alla Turca), KV 331(1783)	1. Movement	midis/mozart/mz_331_1.mid	Andante grazioso	13:52	2013-07-06	60 KB	midis/mozart/mz_331_1_format0.mid	mp3_link.php?id=c8124a8bb8412ee441ddd60c51d98782&amp;file=mz_331_1.mp3	ogg/mozart/mz_331_1.ogg
00114	Mozart	Sonata No. 11 A major(Alla Turca), KV 331(1783)	2. Movement	midis/mozart/mz_331_2.mid	Allegro moderato	6:05	2013-07-13	31 KB	midis/mozart/mz_331_2_format0.mid	mp3_link.php?id=6a389cb0d085684a2158e4855ce00269&amp;file=mz_331_2.mp3	ogg/mozart/mz_331_2.ogg
00115	Mozart	Sonata No. 11 A major(Alla Turca), KV 331(1783)	3. Movement - Alla Turca	midis/mozart/mz_331_3.mid	Allegro	3:10	2013-07-15	26 KB	midis/mozart/mz_331_3_format0.mid	mp3_link.php?id=b1ba43269db216714f33337e70ada4c7&amp;file=mz_331_3.mp3	ogg/mozart/mz_331_3.ogg
00116	Mozart	Sonata No. 12 F major, KV 332(1783)	1. Movement	midis/mozart/mz_332_1.mid	Allegro	9:31	2013-07-22	51 KB	midis/mozart/mz_332_1_format0.mid	mp3_link.php?id=4324fe7a08d1a2442162521af695d5ca&amp;file=mz_332_1.mp3	ogg/mozart/mz_332_1.ogg
00117	Mozart	Sonata No. 12 F major, KV 332(1783)	2. Movement	midis/mozart/mz_332_2.mid	Adagio	4:24	2013-07-25	15 KB	midis/mozart/mz_332_2_format0.mid	mp3_link.php?id=3b782e9517095938e3bc98ce3aa88f33&amp;file=mz_332_2.mp3	ogg/mozart/mz_332_2.ogg
00118	Mozart	Sonata No. 12 F major, KV 332(1783)	3. Movement	midis/mozart/mz_332_3.mid	Assai allegro	9:50	2013-07-28	57 KB	midis/mozart/mz_332_3_format0.mid	mp3_link.php?id=0e9ce5811082c81501a4e506c4ad1c58&amp;file=mz_332_3.mp3	ogg/mozart/mz_332_3.ogg
00119	Mozart	Sonata No. 13 Bb major, KV 333(1783)	1. Movement	midis/mozart/mz_333_1.mid	Allegro	10:30	2013-09-04	51 KB	midis/mozart/mz_333_1_format0.mid	mp3_link.php?id=5fcdff742a8de69c30654836ec69d76a&amp;file=mz_333_1.mp3	ogg/mozart/mz_333_1.ogg
00120	Mozart	Sonata No. 13 Bb major, KV 333(1783)	2. Movement	midis/mozart/mz_333_2.mid	Andante cantabile	8:43	2013-09-11	27 KB	midis/mozart/mz_333_2_format0.mid	mp3_link.php?id=b82b955ccc43c52e82a29a8af7bafe16&amp;file=mz_333_2.mp3	ogg/mozart/mz_333_2.ogg
00121	Mozart	Sonata No. 13 Bb major, KV 333(1783)	3. Movement	midis/mozart/mz_333_3.mid	Allegretto grazioso	5:48	2013-09-17	34 KB	midis/mozart/mz_333_3_format0.mid	mp3_link.php?id=0cad793a28309d0f8eca779348e319cc&amp;file=mz_333_3.mp3	ogg/mozart/mz_333_3.ogg
00122	Mozart	Sonata No. 16 C major(Sonata facile), KV 545(1788)	1. Movement	midis/mozart/mz_545_1.mid	Allegro	4:21	2013-09-23	31 KB	midis/mozart/mz_545_1_format0.mid	mp3_link.php?id=fe18d6f43c658b398b63ef382c0136e6&amp;file=mz_545_1.mp3	ogg/mozart/mz_545_1.ogg
00123	Mozart	Sonata No. 16 C major(Sonata facile), KV 545(1788)	2. Movement	midis/mozart/mz_545_2.mid	Andante	5:44	2013-09-27	18 KB	midis/mozart/mz_545_2_format0.mid	mp3_link.php?id=894182d5dd04ab9459f40060e5b80274&amp;file=mz_545_2.mp3	ogg/mozart/mz_545_2.ogg
00124	Mozart	Sonata No. 16 C major(Sonata facile), KV 545(1788)	3. Movement	midis/mozart/mz_545_3.mid	Rondo Allegretto	1:44	2013-09-29	10 KB	midis/mozart/mz_545_3_format0.mid	mp3_link.php?id=0d169daa173186864fdbfccc660e5ac8&amp;file=mz_545_3.mp3	ogg/mozart/mz_545_3.ogg
00125	Mozart	Sonata No. 17 Bb major, KV 570(1789)	1. Movement	midis/mozart/mz_570_1.mid	Allegro	7:56	2013-10-10	44 KB	midis/mozart/mz_570_1_format0.mid	mp3_link.php?id=e3ae2ae3f74a734ce93331efa8e21dc7&amp;file=mz_570_1.mp3	ogg/mozart/mz_570_1.ogg
00126	Mozart	Sonata No. 17 Bb major, KV 570(1789)	2. Movement	midis/mozart/mz_570_2.mid	Adagio	7:35	2013-10-17	22 KB	midis/mozart/mz_570_2_format0.mid	mp3_link.php?id=78bd6dcccea33bf16b7e3972a545676e&amp;file=mz_570_2.mp3	ogg/mozart/mz_570_2.ogg
00127	Mozart	Sonata No. 17 Bb major, KV 570(1789)	3. Movement	midis/mozart/mz_570_3.mid	Allegretto	3:20	2013-10-23	21 KB	midis/mozart/mz_570_3_format0.mid	mp3_link.php?id=bbabe51bc00a8038fa046e443a99bff8&amp;file=mz_570_3.mp3	ogg/mozart/mz_570_3.ogg
00128	Clementi	Sonatina Opus 36 No. 1, Opus 36(1797)	1. movement	midis/clementi/clementi_opus36_1_1.mid	Spiritoso	1:31	2011-03-01	12 KB	midis/clementi/clementi_opus36_1_1_format0.mid	mp3_link.php?id=8c27bf943d31aabf6298d5a7ffd65d5a&amp;file=clementi_opus36_1_1.mp3	ogg/clementi/clementi_opus36_1_1.ogg
00129	Clementi	Sonatina Opus 36 No. 1, Opus 36(1797)	2. movement	midis/clementi/clementi_opus36_1_2.mid	Andante	1:08	2011-03-01	5 KB	midis/clementi/clementi_opus36_1_2_format0.mid	mp3_link.php?id=b1dbf46136f6343ce5cde0d82d210788&amp;file=clementi_opus36_1_2.mp3	ogg/clementi/clementi_opus36_1_2.ogg
00130	Clementi	Sonatina Opus 36 No. 1, Opus 36(1797)	3. movement	midis/clementi/clementi_opus36_1_3.mid	Vivace	0:56	2011-03-01	6 KB	midis/clementi/clementi_opus36_1_3_format0.mid	mp3_link.php?id=127b08c22afe2c269990e3eaa3845252&amp;file=clementi_opus36_1_3.mp3	ogg/clementi/clementi_opus36_1_3.ogg
00131	Clementi	Sonatina Opus 36 No. 2, Opus 36(1797)	1. movement	midis/clementi/clementi_opus36_2_1.mid	Allegretto	2:00	2011-04-01	15 KB	midis/clementi/clementi_opus36_2_1_format0.mid	mp3_link.php?id=3c839bcba085732fa4272e26be8c8012&amp;file=clementi_opus36_2_1.mp3	ogg/clementi/clementi_opus36_2_1.ogg
00132	Clementi	Sonatina Opus 36 No. 2, Opus 36(1797)	2. movement	midis/clementi/clementi_opus36_2_2.mid	Allegretto	1:06	2011-04-01	4 KB	midis/clementi/clementi_opus36_2_2_format0.mid	mp3_link.php?id=63f3b20d94266e93ee14436d77cd4cce&amp;file=clementi_opus36_2_2.mp3	ogg/clementi/clementi_opus36_2_2.ogg
00133	Clementi	Sonatina Opus 36 No. 2, Opus 36(1797)	3. movement	midis/clementi/clementi_opus36_2_3.mid	Allegro	1:34	2011-04-01	10 KB	midis/clementi/clementi_opus36_2_3_format0.mid	mp3_link.php?id=33b4fb90bf13fba2b66bed51fe34d06c&amp;file=clementi_opus36_2_3.mp3	ogg/clementi/clementi_opus36_2_3.ogg
00134	Clementi	Sonatina Opus 36 No. 3, Opus 36(1797)	1. movement	midis/clementi/clementi_opus36_3_1.mid	Spiritoso	2:54	2011-05-01	18 KB	midis/clementi/clementi_opus36_3_1_format0.mid	mp3_link.php?id=99772ebf275ce821dd3b2a40280fae7b&amp;file=clementi_opus36_3_1.mp3	ogg/clementi/clementi_opus36_3_1.ogg
00135	Clementi	Sonatina Opus 36 No. 3, Opus 36(1797)	2. movement	midis/clementi/clementi_opus36_3_2.mid	Un poco adagio	1:28	2011-05-01	4 KB	midis/clementi/clementi_opus36_3_2_format0.mid	mp3_link.php?id=1dc29dd3aaf904ccbe52464c6c261399&amp;file=clementi_opus36_3_2.mp3	ogg/clementi/clementi_opus36_3_2.ogg
00136	Clementi	Sonatina Opus 36 No. 3, Opus 36(1797)	3. movement	midis/clementi/clementi_opus36_3_3.mid	Allegro	1:28	2011-05-01	9 KB	midis/clementi/clementi_opus36_3_3_format0.mid	mp3_link.php?id=725f594bfb70efcded8fdb1170483181&amp;file=clementi_opus36_3_3.mp3	ogg/clementi/clementi_opus36_3_3.ogg
00137	Clementi	Sonatina Opus 36 No. 4, Opus 36(1797)	1. movement	midis/clementi/clementi_opus36_4_1.mid	Con spirito	3:19	2012-02-01	18 KB	midis/clementi/clementi_opus36_4_1_format0.mid	mp3_link.php?id=28712c86dd297d4c1d691f2a5977bd4b&amp;file=clementi_opus36_4_1.mp3	ogg/clementi/clementi_opus36_4_1.ogg
00138	Clementi	Sonatina Opus 36 No. 4, Opus 36(1797)	2. movement	midis/clementi/clementi_opus36_4_2.mid	Andante con espressione	1:45	2012-02-01	6 KB	midis/clementi/clementi_opus36_4_2_format0.mid	mp3_link.php?id=6b663c141bc58af09a422048c894047d&amp;file=clementi_opus36_4_2.mp3	ogg/clementi/clementi_opus36_4_2.ogg
00139	Clementi	Sonatina Opus 36 No. 4, Opus 36(1797)	3. movement	midis/clementi/clementi_opus36_4_3.mid	Rondo. Allegro vivace	1:48	2012-02-01	6 KB	midis/clementi/clementi_opus36_4_3_format0.mid	mp3_link.php?id=abd2f25901364a3b54e356380eb6e1f9&amp;file=clementi_opus36_4_3.mp3	ogg/clementi/clementi_opus36_4_3.ogg
00140	Clementi	Sonatina Opus 36 No. 5, Opus 36(1797)	1. movement	midis/clementi/clementi_opus36_5_1.mid	Presto	4:55	2011-06-13	26 KB	midis/clementi/clementi_opus36_5_1_format0.mid	mp3_link.php?id=0425adc8602b70e59b50c3498c784347&amp;file=clementi_opus36_5_1.mp3	ogg/clementi/clementi_opus36_5_1.ogg
00141	Clementi	Sonatina Opus 36 No. 5, Opus 36(1797)	2. movement	midis/clementi/clementi_opus36_5_2.mid	Allegro moderato	4:55	2011-06-13	8 KB	midis/clementi/clementi_opus36_5_2_format0.mid	mp3_link.php?id=b5e7b2ed1c8de1cb8c0c71e3d8cd9604&amp;file=clementi_opus36_5_2.mp3	ogg/clementi/clementi_opus36_5_2.ogg
00142	Clementi	Sonatina Opus 36 No. 5, Opus 36(1797)	3. movement	midis/clementi/clementi_opus36_5_3.mid	Rondo. Allegro di molto	2:56	2011-06-13	16 KB	midis/clementi/clementi_opus36_5_3_format0.mid	mp3_link.php?id=751ee6dbfd1ad83c764d69032552c5ca&amp;file=clementi_opus36_5_3.mp3	ogg/clementi/clementi_opus36_5_3.ogg
00143	Clementi	Sonatina Opus 36 No. 6, Opus 36(1797)	1. movement	midis/clementi/clementi_opus36_6_1.mid	Allegro con spirito	5:21	2011-07-03	32 KB	midis/clementi/clementi_opus36_6_1_format0.mid	mp3_link.php?id=51e6e2758abac0cffcb128777fa405c3&amp;file=clementi_opus36_6_1.mp3	ogg/clementi/clementi_opus36_6_1.ogg
00144	Clementi	Sonatina Opus 36 No. 6, Opus 36(1797)	2. movement	midis/clementi/clementi_opus36_6_2.mid	Rondo. Allegretto spiritoso.	2:17	2011-07-03	15 KB	midis/clementi/clementi_opus36_6_2_format0.mid	mp3_link.php?id=6ac4e79f826a73910aa431b0dd06159d&amp;file=clementi_opus36_6_2.mp3	ogg/clementi/clementi_opus36_6_2.ogg
00145	Balakirew	Islamej(Oriental fantasia)(1869)	Islamej	midis/balakirew/islamei.mid	Presto con fuoco	8:18	2014-03-11	79 KB	midis/balakirew/islamei_format0.mid	mp3_link.php?id=3bb684a88ac66a708a9a8487a90fb6a1&amp;file=islamei.mp3	ogg/balakirew/islamei.ogg
00146	Sinding	Rustle of spring, Opus 32 No. 3	Rustle of spring	midis/sinding/fruehlingsrauschen.mid	None	2:29	2012-03-01	30 KB	midis/sinding/fruehlingsrauschen_format0.mid	mp3_link.php?id=79eaa744e7168478e56666f4f38023cb&amp;file=fruehlingsrauschen.mp3	ogg/sinding/fruehlingsrauschen.ogg
00147	Borodin	Petite Suite(1885)	In the monastery	midis/borodin/bor_ps1.mid	Andante religioso	4:21	2000-08-21	8 KB	midis/borodin/bor_ps1_format0.mid	mp3_link.php?id=14ac19a6fc7b38c2a6808293f5c964b5&amp;file=bor_ps1.mp3	None
00148	Borodin	Petite Suite(1885)	Intermezzo	midis/borodin/bor_ps2.mid	Tempo di minuetto	2:45	2000-08-21	14 KB	midis/borodin/bor_ps2_format0.mid	mp3_link.php?id=fd8ecfc7d478e5e5096dea7d5837849e&amp;file=bor_ps2.mp3	None
00149	Borodin	Petite Suite(1885)	Mazurka	midis/borodin/bor_ps3.mid	Allegro	2:40	2000-08-21	15 KB	midis/borodin/bor_ps3_format0.mid	mp3_link.php?id=c5adbd4336df951833f2dd0dd2c81e24&amp;file=bor_ps3.mp3	None
00150	Borodin	Petite Suite(1885)	Mazurka	midis/borodin/bor_ps4.mid	Allegretto	3:12	2000-08-21	15 KB	midis/borodin/bor_ps1_format4.mid	mp3_link.php?id=d765e6f1a4d73302f8348e7424d67eb4&amp;file=bor_ps4.mp3	None
00151	Borodin	Petite Suite(1885)	Réverie	midis/borodin/bor_ps5.mid	Andante	1:38	2000-08-21	5 KB	midis/borodin/bor_ps1_format5.mid	mp3_link.php?id=85cacabc6e220491468cdd1c63ef7c72&amp;file=bor_ps5.mp3	None
00152	Borodin	Petite Suite(1885)	Serenade	midis/borodin/bor_ps6.mid	Allegretto	1:55	2000-08-21	9 KB	midis/borodin/bor_ps6_format0.mid	mp3_link.php?id=ec71babed264848186a65da88f2922f2&amp;file=bor_ps6.mp3	None
00153	Borodin	Petite Suite(1885)	Nocturne	midis/borodin/bor_ps7.mid	Andantino	2:08	2000-08-21	9 KB	midis/borodin/bor_ps7_format0.mid	mp3_link.php?id=3a09f70391db36e043908b9952d37e77&amp;file=bor_ps7.mp3	None
00154	Rachmaninov	Prélude C# minor, Opus 3/2(1892)	Prélude	midis/rachmaninow/rac_op3_2.mid	Lento - Agitato	4:05	2014-01-01	16 KB	midis/rachmaninow/rac_op3_2_format0.mid	mp3_link.php?id=92a38a6f63d45839f7427144b8f1adaa&amp;file=rac_op3_2.mp3	ogg/rachmaninow/rac_op3_2.ogg
00155	Rachmaninov	10 Préludes, Opus 23(1903)	No. 2	midis/rachmaninow/rac_op23_2.mid	Maestoso	3:13	2014-02-01	27 KB	midis/rachmaninow/rac_op23_2_format0.mid	mp3_link.php?id=e77b2e6f8e87fa792455186b12e00bf2&amp;file=rac_op23_2.mp3	ogg/rachmaninow/rac_op23_2.ogg
00156	Rachmaninov	10 Préludes, Opus 23(1903)	No. 3	midis/rachmaninow/rac_op23_3.mid	Tempo di Minuetto	3:54	2014-03-01	23 KB	midis/rachmaninow/rac_op23_3_format0.mid	mp3_link.php?id=0d2dd6b9ec03e44a4d372ec89cf37fce&amp;file=rac_op23_3.mp3	ogg/rachmaninow/rac_op23_3.ogg
00157	Rachmaninov	10 Préludes, Opus 23(1903)	No. 5	midis/rachmaninow/rac_op23_5.mid	Alla marcia	3:20	2014-04-01	31 KB	midis/rachmaninow/rac_op23_5_format0.mid	mp3_link.php?id=f4b51fa91068ee1f0b13b5cc2bdc8e91&amp;file=rac_op23_5.mp3	ogg/rachmaninow/rac_op23_5.ogg
00158	Rachmaninov	10 Préludes, Opus 23(1903)	No. 7	midis/rachmaninow/rac_op23_7.mid	Allegro	2:13	2014-05-01	26 KB	midis/rachmaninow/rac_op23_7_format0.mid	mp3_link.php?id=253b497f4470d4cca51ed5811444dd8a&amp;file=rac_op23_7.mp3	ogg/rachmaninow/rac_op23_7.ogg
00159	Rachmaninov	13 Préludes, Opus 32(1910)	No. 1	midis/rachmaninow/rac_op32_1.mid	Allegro vivace	1:10	2014-06-01	12 KB	midis/rachmaninow/rac_op32_1_format0.mid	mp3_link.php?id=bc83de609f8635bc14a6b97b734d19b1&amp;file=rac_op32_1.mp3	ogg/rachmaninow/rac_op32_1.ogg
00160	Rachmaninov	13 Préludes, Opus 32(1910)	No. 13	midis/rachmaninow/rac_op32_13.mid	Grave	4:18	2014-07-01	26 KB	midis/rachmaninow/rac_op32_13_format0.mid	mp3_link.php?id=6c1bbe4fffcec65023aac68e92625649&amp;file=rac_op32_13.mp3	ogg/rachmaninow/rac_op32_13.ogg
00161	Rachmaninov	8 Études-tableaux, Opus 33(1914)	No. 5	midis/rachmaninow/rac_op33_5.mid	Non allegro - Presto	1:33	2014-08-01	14 KB	midis/rachmaninow/rac_op33_5_format0.mid	mp3_link.php?id=5f25e943f9465b4397d2a64d0e76b8a2&amp;file=rac_op33_5.mp3	ogg/rachmaninow/rac_op33_5.ogg
00162	Rachmaninov	8 Études-tableaux, Opus 33(1914)	No. 6	midis/rachmaninow/rac_op33_6.mid	Allegro con fuoco	1:48	2014-09-01	16 KB	midis/rachmaninow/rac_op33_6_format0.mid	mp3_link.php?id=257237a65c1aaaf189752bda88217c4f&amp;file=rac_op33_6.mp3	ogg/rachmaninow/rac_op33_6.ogg
00163	Rachmaninov	8 Études-tableaux, Opus 33(1914)	No. 8	midis/rachmaninow/rac_op33_8.mid	Grave	2:25	2014-10-01	16 KB	midis/rachmaninow/rac_op33_8_format0.mid	mp3_link.php?id=322e688daf77748677b97380113c0789&amp;file=rac_op33_8.mp3	ogg/rachmaninow/rac_op33_8.ogg
00164	Chopin	5 Mazurkas, Opus 7(1831)	No. 1	midis/chopin/chpn_op7_1.mid	Vivace	2:17	2014-02-11	14 KB	midis/chopin/chpn_op7_1_format0.mid	mp3_link.php?id=8e412c4ada0c525d4e09dd7dbc03581b&amp;file=chpn_op7_1.mp3	ogg/chopin/chpn_op7_1.ogg
00165	Chopin	5 Mazurkas, Opus 7(1831)	No. 2	midis/chopin/chpn_op7_2.mid	Vivo ma non troppo	2:42	2014-02-11	13 KB	midis/chopin/chpn_op7_2_format0.mid	mp3_link.php?id=434e231a533bc0c526e6ded61dd9c80b&amp;file=chpn_op7_2.mp3	ogg/chopin/chpn_op7_2.ogg
00166	Chopin	Etudes, Opus 10(1832)	No. 1	midis/chopin/chpn_op10_e01.mid	Allegro	1:50	2014-05-03	11 KB	midis/chopin/chpn_op10_e01_format0.mid	mp3_link.php?id=e836e093f51afbb674bf4dc863cfd090&amp;file=chpn_op10_e01.mp3	ogg/chopin/chpn_op10_e01.ogg
00167	Chopin	Etudes, Opus 10(1832)	No. 5 - Black Key	midis/chopin/chpn_op10_e05.mid	Vivace	1:31	2014-03-04	13 KB	midis/chopin/chpn_op10_e05_format0.mid	mp3_link.php?id=c4eb3b0ebd4b353d741037e5875d9fb1&amp;file=chpn_op10_e05.mp3	ogg/chopin/chpn_op10_e05.ogg
00168	Chopin	Etudes, Opus 10(1832)	No. 12 - Revolutionary	midis/chopin/chpn_op10_e12.mid	Allegro con fuoco	2:18	2014-02-13	21 KB	midis/chopin/chpn_op10_e12_format0.mid	mp3_link.php?id=c2097e253037af9ae7fa77249f75027f&amp;file=chpn_op10_e12.mp3	ogg/chopin/chpn_op10_e12.ogg
00169	Chopin	Grande Valse Brillante, Opus 18(1831)	Grande Valse Brillante	midis/chopin/chp_op18.mid	Vivo	5:09	2014-02-14	42 KB	midis/chopin/chp_op18_format0.mid	mp3_link.php?id=23409219741a1e9b5d69d537891e3107&amp;file=chp_op18.mp3	ogg/chopin/chp_op18.ogg
00170	Chopin	Ballade G minor, Opus 23(1835)	Ballade	midis/chopin/chpn_op23.mid	Largo - Moderato	9:02	2014-02-15	57 KB	midis/chopin/chpn_op23_format0.mid	mp3_link.php?id=38670d72fde88277787efa8bd2ac2448&amp;file=chpn_op23.mp3	ogg/chopin/chpn_op23.ogg
00171	Chopin	Etudes, Opus 25(1836)	No. 1 - Harp etude	midis/chopin/chpn_op25_e1.mid	Allegro sostenuto	2:08	2014-05-08	24 KB	midis/chopin/chpn_op25_e1_format0.mid	mp3_link.php?id=6d0a5dd3a7a89ad0a232e8af8cfa32b3&amp;file=chpn_op25_e1.mp3	ogg/chopin/chpn_op25_e1.ogg
00172	Chopin	Etudes, Opus 25(1836)	No. 2	midis/chopin/chpn_op25_e2.mid	Presto	1:31	2014-02-16	14 KB	midis/chopin/chpn_op25_e2_format0.mid	mp3_link.php?id=13ac4476b5351a24def79daa7c92ced4&amp;file=chpn_op25_e2.mp3	ogg/chopin/chpn_op25_e2.ogg
00173	Chopin	Etudes, Opus 25(1836)	No. 3	midis/chopin/chpn_op25_e3.mid	Allegro	1:47	2014-02-17	18 KB	midis/chopin/chpn_op25_e3_format0.mid	mp3_link.php?id=7beeec023ef6750bb366881345ccc2f4&amp;file=chpn_op25_e3.mp3	ogg/chopin/chpn_op25_e3.ogg
00174	Chopin	Etudes, Opus 25(1836)	No. 4	midis/chopin/chpn_op25_e4.mid	Agitato	1:26	2014-02-17	14 KB	midis/chopin/chpn_op25_e4_format0.mid	mp3_link.php?id=8e157659ee0c591ab0bdb758484cc339&amp;file=chpn_op25_e4.mp3	ogg/chopin/chpn_op25_e4.ogg
00175	Chopin	Etudes, Opus 25(1836)	No. 11 - Winter Wind	midis/chopin/chpn_op25_e11.mid	Lento - Allegro con brio	3:06	2014-02-18	24 KB	midis/chopin/chpn_op25_e11_format0.mid	mp3_link.php?id=4157f353d8b501bb24eab151ab913fb9&amp;file=chpn_op25_e11.mp3	ogg/chopin/chpn_op25_e11.ogg
00176	Chopin	Etudes, Opus 25(1836)	No. 12	midis/chopin/chpn_op25_e12.mid	Allegro molto con fuoco	2:19	2014-02-18	37 KB	midis/chopin/chpn_op25_e12_format0.mid	mp3_link.php?id=99b715a38948faf246d9e3864822a15a&amp;file=chpn_op25_e12.mp3	ogg/chopin/chpn_op25_e12.ogg
00177	Chopin	2 Nocturnes, Opus 27(1835)	No. 1	midis/chopin/chpn_op27_1.mid	Larghetto	4:52	2014-02-19	22 KB	midis/chopin/chpn_op27_1_format0.mid	mp3_link.php?id=1eca87beeedccb6532a3cfa0c6f452e2&amp;file=chpn_op27_1.mp3	ogg/chopin/chpn_op27_1.ogg
00178	Chopin	2 Nocturnes, Opus 27(1835)	No. 2	midis/chopin/chpn_op27_2.mid	Lento sostenuto	5:13	2014-02-19	23 KB	midis/chopin/chpn_op27_2_format0.mid	mp3_link.php?id=bfb4df133886d794898421a74d114175&amp;file=chpn_op27_2.mp3	ogg/chopin/chpn_op27_2.ogg
00179	Chopin	Préludes, Opus 28(1838)	No. 1	midis/chopin/chpn-p1.mid	Agitato	0:34	2014-02-20	7 KB	midis/chopin/chpn-p1_format0.mid	mp3_link.php?id=078850b9f8449ceb26b3ad4e36a4c333&amp;file=chpn-p1.mp3	ogg/chopin/chpn-p1.ogg
00180	Chopin	Préludes, Opus 28(1838)	No. 2	midis/chopin/chpn-p2.mid	Lento	1:59	2014-02-20	5 KB	midis/chopin/chpn-p2_format0.mid	mp3_link.php?id=bbe59c2c4866995b84dc7bdaf334536d&amp;file=chpn-p2.mp3	ogg/chopin/chpn-p2.ogg
00181	Chopin	Préludes, Opus 28(1838)	No. 3	midis/chopin/chpn-p3.mid	Vivace	0:43	2014-02-20	9 KB	midis/chopin/chpn-p3_format0.mid	mp3_link.php?id=795adf71cb05ba1a89db6367c7d51b72&amp;file=chpn-p3.mp3	ogg/chopin/chpn-p3.ogg
00182	Chopin	Préludes, Opus 28(1838)	No. 4	midis/chopin/chpn-p4.mid	Largo	1:45	2014-02-20	8 KB	midis/chopin/chpn-p4_format0.mid	mp3_link.php?id=80a5ba3b3f164d6415f6d81288e631f9&amp;file=chpn-p4.mp3	ogg/chopin/chpn-p4.ogg
00183	Chopin	Préludes, Opus 28(1838)	No. 5	midis/chopin/chpn-p5.mid	Molto allegro	0:33	2014-02-20	7 KB	midis/chopin/chpn-p5_format0.mid	mp3_link.php?id=9300db8f04b6518ac9095c618ee0066a&amp;file=chpn-p5.mp3	ogg/chopin/chpn-p5.ogg
00184	Chopin	Préludes, Opus 28(1838)	No. 6	midis/chopin/chpn-p6.mid	Assai lento	1:38	2014-02-20	6 KB	midis/chopin/chpn-p6_format0.mid	mp3_link.php?id=79f8adcf64c9bf4b879324e278663088&amp;file=chpn-p6.mp3	ogg/chopin/chpn-p6.ogg
00185	Chopin	Préludes, Opus 28(1838)	No. 7	midis/chopin/chpn-p7.mid	Andantino	0:36	2014-02-20	3 KB	midis/chopin/chpn-p7_format0.mid	mp3_link.php?id=3f2ca80941fefdc1109ed036f7679d81&amp;file=chpn-p7.mp3	ogg/chopin/chpn-p7.ogg
00186	Chopin	Préludes, Opus 28(1838)	No. 8	midis/chopin/chpn-p8.mid	Molto agitato	1:31	2014-02-20	18 KB	midis/chopin/chpn-p8_format0.mid	mp3_link.php?id=e0cb886aeca29c61fdccb9854e97db89&amp;file=chpn-p8.mp3	ogg/chopin/chpn-p8.ogg
00187	Chopin	Préludes, Opus 28(1838)	No. 9	midis/chopin/chpn-p9.mid	Largo	1:28	2014-05-15	5 KB	midis/chopin/chpn-p9_format0.mid	mp3_link.php?id=dc6ef66119bf76ee77aa312eae2c83e7&amp;file=chpn-p9.mp3	ogg/chopin/chpn-p9.ogg
00188	Chopin	Préludes, Opus 28(1838)	No. 10	midis/chopin/chpn-p10.mid	Molto allegro	0:26	2014-02-20	4 KB	midis/chopin/chpn-p10_format0.mid	mp3_link.php?id=86c208571106154f9ddbe46557cb9fbf&amp;file=chpn-p10.mp3	ogg/chopin/chpn-p10.ogg
00189	Chopin	Préludes, Opus 28(1838)	No. 11	midis/chopin/chpn-p11.mid	Vivace	0:33	2014-02-20	5 KB	midis/chopin/chpn-p11_format0.mid	mp3_link.php?id=06878bf390588fb36020923b0f2eba9d&amp;file=chpn-p11.mp3	ogg/chopin/chpn-p11.ogg
00190	Chopin	Préludes, Opus 28(1838)	No. 12	midis/chopin/chpn-p12.mid	Presto	0:56	2014-02-20	13 KB	midis/chopin/chpn-p12_format0.mid	mp3_link.php?id=041e9c0908288f99a5dfea55c5b8a921&amp;file=chpn-p12.mp3	ogg/chopin/chpn-p12.ogg
00191	Chopin	Préludes, Opus 28(1838)	No. 13	midis/chopin/chpn-p13.mid	Lento	2:34	2014-02-21	11 KB	midis/chopin/chpn-p13_format0.mid	mp3_link.php?id=dd063aac0242a0d231de120c3aea7463&amp;file=chpn-p13.mp3	ogg/chopin/chpn-p13.ogg
00192	Chopin	Préludes, Opus 28(1838)	No. 14	midis/chopin/chpn-p14.mid	Allegro	0:30	2014-02-21	8 KB	midis/chopin/chpn-p14_format0.mid	mp3_link.php?id=18107d2ed402825560e84547bc6503a0&amp;file=chpn-p14.mp3	ogg/chopin/chpn-p14.ogg
00193	Chopin	Préludes, Opus 28(1838)	No. 15 - Raindrop	midis/chopin/chpn-p15.mid	Sostenuto	4:36	2014-02-21	20 KB	midis/chopin/chpn-p15_format0.mid	mp3_link.php?id=68ecac1696ed05d691769a3da6a4d5af&amp;file=chpn-p15.mp3	ogg/chopin/chpn-p15.ogg
00194	Chopin	Préludes, Opus 28(1838)	No. 16	midis/chopin/chpn-p16.mid	Presto con fuoco	1:03	2014-02-21	13 KB	midis/chopin/chpn-p16_format0.mid	mp3_link.php?id=b035da24b7d0044faf36e11f1e2ca6eb&amp;file=chpn-p16.mp3	ogg/chopin/chpn-p16.ogg
00195	Chopin	Préludes, Opus 28(1838)	No. 17	midis/chopin/chpn-p17.mid	Allegretto	2:42	2014-02-21	23 KB	midis/chopin/chpn-p17_format0.mid	mp3_link.php?id=a5f92ee11ce12b123a407793dfba2e75&amp;file=chpn-p17.mp3	ogg/chopin/chpn-p17.ogg
00196	Chopin	Préludes, Opus 28(1838)	No. 18	midis/chopin/chpn-p18.mid	Molto allegro	0:48	2014-02-21	7 KB	midis/chopin/chpn-p18_format0.mid	mp3_link.php?id=664faa0a8e4618f64d519258c2f2e840&amp;file=chpn-p18.mp3	ogg/chopin/chpn-p18.ogg
00197	Chopin	Préludes, Opus 28(1838)	No. 19	midis/chopin/chpn-p19.mid	Vivace	1:10	2014-02-22	17 KB	midis/chopin/chpn-p19_format0.mid	mp3_link.php?id=184e8711a3a366060956f023070100d7&amp;file=chpn-p19.mp3	ogg/chopin/chpn-p19.ogg
00198	Chopin	Préludes, Opus 28(1838)	No. 20	midis/chopin/chpn-p20.mid	Largo	1:30	2014-02-22	4 KB	midis/chopin/chpn-p20_format0.mid	mp3_link.php?id=ce72ae0254186fa8dad97dc6993dd118&amp;file=chpn-p20.mp3	ogg/chopin/chpn-p20.ogg
00199	Chopin	Préludes, Opus 28(1838)	No. 21	midis/chopin/chpn-p21.mid	Cantabile	1:45	2014-02-22	11 KB	midis/chopin/chpn-p21_format0.mid	mp3_link.php?id=6f22f1dbea8fc2e58919286d84412296&amp;file=chpn-p21.mp3	ogg/chopin/chpn-p21.ogg
00200	Chopin	Préludes, Opus 28(1838)	No. 22	midis/chopin/chpn-p22.mid	Molto agitato	0:44	2014-02-23	7 KB	midis/chopin/chpn-p22_format0.mid	mp3_link.php?id=6b19ea93e51cffff2ddc08583053737f&amp;file=chpn-p22.mp3	ogg/chopin/chpn-p22.ogg
00201	Chopin	Préludes, Opus 28(1838)	No. 23	midis/chopin/chpn-p23.mid	Moderato	0:54	2014-02-23	6 KB	midis/chopin/chpn-p23_format0.mid	mp3_link.php?id=c52b169f75311facd1e7f6adbec2ddaf&amp;file=chpn-p23.mp3	ogg/chopin/chpn-p23.ogg
00202	Chopin	Préludes, Opus 28(1838)	No. 24	midis/chopin/chpn-p24.mid	Allegro appassionato	2:05	2014-02-23	13 KB	midis/chopin/chpn-p24_format0.mid	mp3_link.php?id=988d164f3aa8dc5afab04c5bcc124802&amp;file=chpn-p24.mp3	ogg/chopin/chpn-p24.ogg
00203	Chopin	Scherzo Bb minor, Opus 31(1837)	Scherzo	midis/chopin/chp_op31.mid	Presto	8:37	2014-02-24	55 KB	midis/chopin/chp_op31_format0.mid	mp3_link.php?id=1c6e340c9a64cfec1531959efad5437b&amp;file=chp_op31.mp3	ogg/chopin/chp_op31.ogg
00204	Chopin	4 Mazurkas, Opus 33(1838)	No. 2	midis/chopin/chpn_op33_2.mid	Vivace	2:23	2014-02-25	19 KB	midis/chopin/chpn_op33_2_format0.mid	mp3_link.php?id=8fcee5e8345d0daece9484b6cff51184&amp;file=chpn_op33_2.mp3	ogg/chopin/chpn_op33_2.ogg
00205	Chopin	4 Mazurkas, Opus 33(1838)	No. 4	midis/chopin/chpn_op33_4.mid	-	5:18	2014-02-25	23 KB	midis/chopin/chpn_op33_4_format0.mid	mp3_link.php?id=7e36ff8b78e4c5c61ba762d01c0562ba&amp;file=chpn_op33_4.mp3	ogg/chopin/chpn_op33_4.ogg
00206	Chopin	Piano sonata No. 2 Bb minor, Opus 35(1839)	1. Movement	midis/chopin/chpn_op35_1.mid	Grave - Doppio movimento	6:35	2014-02-26	48 KB	midis/chopin/chpn_op35_1_format0.mid	mp3_link.php?id=daf97c0d9cad998add2d82b252fcf129&amp;file=chpn_op35_1.mp3	ogg/chopin/chpn_op35_1.ogg
00207	Chopin	Piano sonata No. 2 Bb minor, Opus 35(1839)	2. Movement	midis/chopin/chpn_op35_2.mid	Scherzo	6:35	2014-02-26	43 KB	midis/chopin/chpn_op35_2_format0.mid	mp3_link.php?id=eba2a85afd9f8418a10760669a96d60a&amp;file=chpn_op35_2.mp3	ogg/chopin/chpn_op35_2.ogg
00208	Chopin	Piano sonata No. 2 Bb minor, Opus 35(1839)	3. Movement	midis/chopin/chpn_op35_3.mid	Marche funèbre	7:29	2014-02-26	24 KB	midis/chopin/chpn_op35_3_format0.mid	mp3_link.php?id=d81e17506323d0412faa28d4b300c33f&amp;file=chpn_op35_3.mp3	ogg/chopin/chpn_op35_3.ogg
00209	Chopin	Piano sonata No. 2 Bb minor, Opus 35(1839)	4. Movement	midis/chopin/chpn_op35_4.mid	Presto	1:25	2014-02-26	19 KB	midis/chopin/chpn_op35_4_format0.mid	mp3_link.php?id=1e779fc902f92f880069406cff9af053&amp;file=chpn_op35_4.mp3	ogg/chopin/chpn_op35_4.ogg
00210	Chopin	Polonaise Ab major, Opus 53(1842)	Polonaise	midis/chopin/chpn_op53.mid	Maestoso	5:55	2014-02-27	54 KB	midis/chopin/chpn_op53_format0.mid	mp3_link.php?id=7a4ac36a7b5123cc6edd7fd1a8659b08&amp;file=chpn_op53.mp3	ogg/chopin/chpn_op53.ogg
00211	Chopin	Fantaisie-Impromptu, Opus 66(1834)	Fantaisie-Impromptu	midis/chopin/chpn_op66.mid	Allegro agitato	4:37	2014-02-28	37 KB	midis/chopin/chpn_op66_format0.mid	mp3_link.php?id=dd715cb94195b61983c67d7d7fce41db&amp;file=chpn_op66.mp3	ogg/chopin/chpn_op66.ogg
00212	Albéniz	España, Opus 165(1890)	Prélude	midis/albeniz/alb_esp1.mid	Andantino	1:36	2010-08-28	10 KB	midis/albeniz/alb_esp1_format0.mid	mp3_link.php?id=8919ef2c82a7c671755fdefaba001918&amp;file=alb_esp1.mp3	ogg/albeniz/alb_esp1.ogg
00213	Albéniz	España, Opus 165(1890)	Tango	midis/albeniz/alb_esp2.mid	Andantino	2:08	2010-08-29	8 KB	midis/albeniz/alb_esp2_format0.mid	mp3_link.php?id=1234c5c97152890846c2fc3efaf89834&amp;file=alb_esp2.mp3	ogg/albeniz/alb_esp2.ogg
00214	Albéniz	España, Opus 165(1890)	Malagueña	midis/albeniz/alb_esp3.mid	Allegretto	2:56	2010-08-30	15 KB	midis/albeniz/alb_esp3_format0.mid	mp3_link.php?id=5a2b3f2d24704c30de9441b63b2bdfd9&amp;file=alb_esp3.mp3	ogg/albeniz/alb_esp3.ogg
00215	Albéniz	España, Opus 165(1890)	Serenata	midis/albeniz/alb_esp4.mid	Allegretto	3:14	2010-08-31	15 KB	midis/albeniz/alb_esp4_format0.mid	mp3_link.php?id=b8e1ac47dc7211293e9dc56eb976a36c&amp;file=alb_esp4.mp3	ogg/albeniz/alb_esp4.ogg
00216	Albéniz	España, Opus 165(1890)	Capricho Catalan	midis/albeniz/alb_esp5.mid	Allegretto	2:03	2010-08-31	10 KB	midis/albeniz/alb_esp5_format0.mid	mp3_link.php?id=3424d615bb1b2498027ae01a489680fd&amp;file=alb_esp5.mp3	ogg/albeniz/alb_esp5.ogg
00217	Albéniz	España, Opus 165(1890)	Zortzico	midis/albeniz/alb_esp6.mid	Allegretto	2:35	2010-08-31	15 KB	midis/albeniz/alb_esp6_format0.mid	mp3_link.php?id=43f9e3cc261e1f3d705879b510852ea8&amp;file=alb_esp6.mp3	ogg/albeniz/alb_esp6.ogg
00218	Albéniz	Suite española(1886)	Granada	midis/albeniz/alb_se1.mid	Allegretto	4:01	2010-09-03	19 KB	midis/albeniz/alb_se1_format0.mid	mp3_link.php?id=6a165db8002025f2cd30e8b727a5b6c9&amp;file=alb_se1.mp3	ogg/albeniz/alb_se1.ogg
00219	Albéniz	Suite española(1886)	Cataluña (Curranda)	midis/albeniz/alb_se2.mid	Allegro	3:59	2010-09-04	23 KB	midis/albeniz/alb_se2_format0.mid	mp3_link.php?id=4b65984bc71586eb9a122decbd7b1071&amp;file=alb_se2.mp3	ogg/albeniz/alb_se2.ogg
00220	Albéniz	Suite española(1886)	Sevilla	midis/albeniz/alb_se3.mid	Allegretto	4:11	2010-09-06	29 KB	midis/albeniz/alb_se3_format0.mid	mp3_link.php?id=c4113eb1f7c0ddb94eaa2efe8c1b173b&amp;file=alb_se3.mp3	ogg/albeniz/alb_se3.ogg
00221	Albéniz	Suite española(1886)	Cádiz (Saeta)	midis/albeniz/alb_se4.mid	Allegretto, ma non troppo	3:40	2010-09-11	23 KB	midis/albeniz/alb_se4_format0.mid	mp3_link.php?id=22688dd1a6052608eca613d7886e7218&amp;file=alb_se4.mp3	ogg/albeniz/alb_se4.ogg
00222	Albéniz	Suite española(1886)	Asturias (Leyenda)	midis/albeniz/alb_se5.mid	Allegro	5:04	2010-09-14	28 KB	midis/albeniz/alb_se5_format0.mid	mp3_link.php?id=c93ab62465bfd79a5e61563e449dfb2b&amp;file=alb_se5.mp3	ogg/albeniz/alb_se5.ogg
00223	Albéniz	Suite española(1886)	Aragon (Fantasia)	midis/albeniz/alb_se6.mid	Allegro	4:02	2010-09-16	32 KB	midis/albeniz/alb_se6_format0.mid	mp3_link.php?id=5409a44f4d2012c23f48be7e4c68dfa2&amp;file=alb_se6.mp3	ogg/albeniz/alb_se6.ogg
00224	Albéniz	Suite española(1886)	Castilla (Seguidillas)	midis/albeniz/alb_se7.mid	Allegro	2:35	2010-09-19	23 KB	midis/albeniz/alb_se7_format0.mid	mp3_link.php?id=f49df0bde0625ddef5029105138992fa&amp;file=alb_se7.mp3	ogg/albeniz/alb_se7.ogg
00225	Albéniz	Suite española(1886)	Cuba (Notturno)	midis/albeniz/alb_se8.mid	Allegretto	4:30	2010-09-23	25 KB	midis/albeniz/alb_se8_format0.mid	mp3_link.php?id=feab990ae3ca0b2d51d5edf9c362d11b&amp;file=alb_se8.mp3	ogg/albeniz/alb_se8.ogg
00226	Ravel	Jeux d'eau(1901)	Jeux d'eau	midis/ravel/rav_eau.mid	Très doux	5:04	2008-04-01	40 KB	midis/ravel/rav_eau_format0.mid	mp3_link.php?id=539901212308ccc9c1bf24eea67e9182&amp;file=rav_eau.mp3	ogg/ravel/rav_eau.ogg
00227	Ravel	Miroirs(1905)	Noctuelles	midis/ravel/ravel_miroirs_1.mid	Tres léger	4:33	2008-05-01	32 KB	midis/ravel/ravel_miroirs_1_format0.mid	mp3_link.php?id=b97a21de31201ae7fe630abc8593afeb&amp;file=ravel_miroirs_1.mp3	ogg/ravel/ravel_miroirs_1.ogg
00228	Ravel	Gaspard de la Nuit(1908)	Ondine	midis/ravel/rav_ondi.mid	Lent	5:55	2008-01-01	42 KB	midis/ravel/rav_ondi_format0.mid	mp3_link.php?id=4b6e194e9d9a6babf43f09dca2a553ae&amp;file=rav_ondi.mp3	ogg/ravel/rav_ondi.ogg
00229	Ravel	Gaspard de la Nuit(1908)	Le Gibet	midis/ravel/rav_gib.mid	Très lent	6:08	2008-02-01	12 KB	midis/ravel/rav_gib_format0.mid	mp3_link.php?id=6bd534e5ba3b9508ee5ec77d6a1ab242&amp;file=rav_gib.mp3	ogg/ravel/rav_gib.ogg
00230	Ravel	Gaspard de la Nuit(1908)	Scarbo	midis/ravel/rav_scarbo.mid	Modéré	8:33	2008-03-01	95 KB	midis/ravel/rav_scarbo_format0.mid	mp3_link.php?id=ef02c6a64aafd45ecdb8e7edbfdee609&amp;file=rav_scarbo.mp3	ogg/ravel/rav_scarbo.ogg
00231	Burgmueller	Etudes, Opus 109	The pearls	midis/burgmueller/burg_perlen.mid	Moderato	1:27	2012-03-03	13 KB	midis/burgmueller/burg_perlen_format0.mid	mp3_link.php?id=887edd393bb9cd865540940e2db4c2f6&amp;file=burg_perlen.mp3	ogg/burgmueller/burg_perlen.ogg
00232	Burgmueller	Etudes, Opus 109	The Fountain	midis/burgmueller/burg_quelle.mid	Andante grazioso	1:53	2012-03-04	14 KB	midis/burgmueller/burg_quelle_format0.mid	mp3_link.php?id=bb2f3bf35ac83052f4c866d40b36d85c&amp;file=burg_quelle.mp3	ogg/burgmueller/burg_quelle.ogg
00233	Burgmueller	Etudes, Opus 109	Agitato	midis/burgmueller/burg_agitato.mid	Allegro vivace	1:33	2013-03-02	13 KB	midis/burgmueller/burg_agitato_format0.mid	mp3_link.php?id=4d388708161831770c1e80aeec21dcbf&amp;file=burg_agitato.mp3	ogg/burgmueller/burg_agitato.ogg
00234	Burgmueller	Etudes, Opus 109	Velocity	midis/burgmueller/burg_geschwindigkeit.mid	Vivo	1:10	2013-06-01	13 KB	midis/burgmueller/burg_geschwindigkeit_format0.mid	mp3_link.php?id=c43580d56cdadc36f28bd1a99f08335e&amp;file=burg_geschwindigkeit.mp3	ogg/burgmueller/burg_geschwindigkeit.ogg
00235	Burgmueller	Etudes, Opus 109	Awaking in the woods	midis/burgmueller/burg_erwachen.mid	Allegro	1:21	2013-02-02	12 KB	midis/burgmueller/burg_erwachen_format0.mid	mp3_link.php?id=f7819e4e03b88558169384ec7a74f13f&amp;file=burg_erwachen.mp3	ogg/burgmueller/burg_erwachen.ogg
00236	Burgmueller	Etudes, Opus 109	Thunderstorm	midis/burgmueller/burg_gewitter.mid	Allegro	1:20	2012-03-14	10 KB	midis/burgmueller/burg_gewitter_format0.mid	mp3_link.php?id=ed8612e7bc8f2e1c1ea64af83e95ddbd&amp;file=burg_gewitter.mp3	ogg/burgmueller/burg_gewitter.ogg
00237	Burgmueller	Etudes, Opus 109	The sylphs	midis/burgmueller/burg_sylphen.mid	Vivo	1:30	2013-05-01	11 KB	midis/burgmueller/burg_sylphen_format0.mid	mp3_link.php?id=dad85d6cd244013eb6959e68502459dc&amp;file=burg_sylphen.mp3	ogg/burgmueller/burg_sylphen.ogg
00238	Burgmueller	Etudes, Opus 109	Separation	midis/burgmueller/burg_trennung.mid	Allegro vivace	1:19	2013-04-01	10 KB	midis/burgmueller/burg_trennung_format0.mid	mp3_link.php?id=aaf942e2f93fd568fbcbab85748ae1ff&amp;file=burg_trennung.mp3	ogg/burgmueller/burg_trennung.ogg
00239	Burgmueller	Etudes, Opus 109	Spinning Song	midis/burgmueller/burg_spinnerlied.mid	Allegro moderato	1:45	2013-06-01	13 KB	midis/burgmueller/burg_spinnerlied_format0.mid	mp3_link.php?id=921800a69881e210b6c09ea607741ab4&amp;file=burg_spinnerlied.mp3	ogg/burgmueller/burg_spinnerlied.ogg
00240	Liszt	Reminiscences de Don Juan(Fantasia on Mozart's Don Giovanni)(1841)	Reminiscences de Don Juan	midis/liszt/liz_donjuan.mid	-	16:51	2014-03-01	155 KB	midis/liszt/liz_donjuan_format0.mid	mp3_link.php?id=44c027bd183ffd19a88f41f709e1c653&amp;file=liz_donjuan.mp3	ogg/liszt/liz_donjuan.ogg
00241	Liszt	Love dreams(1850)	No. 3	midis/liszt/liz_liebestraum.mid	Poco Allegro con affetto	4:09	2014-03-02	22 KB	midis/liszt/liz_liebestraum_format0.mid	mp3_link.php?id=179e7c979792e097a3d6549ed80a1549&amp;file=liz_liebestraum.mp3	ogg/liszt/liz_liebestraum.ogg
00242	Liszt	Grandes Etudes de Paganini(1851)	No. 1	midis/liszt/liz_et1.mid	Andante - Non troppo lento	4:47	2014-03-03	43 KB	midis/liszt/liz_et1_format0.mid	mp3_link.php?id=c6bdb8bd3b4997773fb1fd05a3b90cc1&amp;file=liz_et1.mp3	ogg/liszt/liz_et1.ogg
00243	Liszt	Grandes Etudes de Paganini(1851)	No. 2	midis/liszt/liz_et2.mid	Andante - Andantino capriccioso	5:18	2014-03-03	32 KB	midis/liszt/liz_et2_format0.mid	mp3_link.php?id=44f5f3cac94a50214cc3b30db82efe6e&amp;file=liz_et2.mp3	ogg/liszt/liz_et2.ogg
00244	Liszt	Grandes Etudes de Paganini(1851)	No. 3 - La Campanella	midis/liszt/liz_et3.mid	Allegretto	4:07	2014-03-03	39 KB	midis/liszt/liz_et3_format0.mid	mp3_link.php?id=cccc0133c91846bfbc7663b0b99edd4a&amp;file=liz_et3.mp3	ogg/liszt/liz_et3.ogg
00245	Liszt	Grandes Etudes de Paganini(1851)	No. 4	midis/liszt/liz_et4.mid	Vivo	1:54	2014-03-04	15 KB	midis/liszt/liz_et4_format0.mid	mp3_link.php?id=243b66cd7f357ad42c5d580e341f749c&amp;file=liz_et4.mp3	ogg/liszt/liz_e4.ogg
00246	Liszt	Grandes Etudes de Paganini(1851)	No. 5	midis/liszt/liz_et5.mid	Allegretto	3:04	2014-03-04	20 KB	midis/liszt/liz_et5_format0.mid	mp3_link.php?id=091d50427f931b3a61dcf7fce1786305&amp;file=liz_et5.mp3	ogg/liszt/liz_e5.ogg
00247	Liszt	Grandes Etudes de Paganini(1851)	No. 6	midis/liszt/liz_et6.mid	Quasi presto	5:19	2014-03-04	48 KB	midis/liszt/liz_et6_format0.mid	mp3_link.php?id=c72b59884bd4d6d600fd92d4bfd1ba4a&amp;file=liz_et6.mp3	ogg/liszt/liz_e6.ogg
00248	Liszt	Études d'exécution transcendante(1851)	No. 4 - Mazeppa	midis/liszt/liz_et_trans4.mid	Allegro	6:17	2014-03-05	67 KB	midis/liszt/liz_et_trans4_format0.mid	mp3_link.php?id=1f3416829fdab0221801dcb7b36b5030&amp;file=liz_et_trans4.mp3	ogg/liszt/liz_et_trans4.ogg
00249	Liszt	Études d'exécution transcendante(1851)	No. 5 - Feux Follets	midis/liszt/liz_et_trans5.mid	Allegretto	3:16	2014-03-06	36 KB	midis/liszt/liz_et_trans5_format0.mid	mp3_link.php?id=3eba7063b6d9aac4fd2f2c0b5c35029a&amp;file=liz_et_trans5.mp3	ogg/liszt/liz_et_trans5.ogg
00250	Liszt	Études d'exécution transcendante(1851)	No. 8 - Wild Hunt	midis/liszt/liz_et_trans8.mid	Presto furioso	5:06	2014-03-06	60 KB	midis/liszt/liz_et_trans8_format0.mid	mp3_link.php?id=c501adb071219dd78e92578190586eda&amp;file=liz_et_trans8.mp3	ogg/liszt/liz_et_trans8.ogg
00251	Liszt	19 Hungarian Rhapsodies(1885)	No. 2	midis/liszt/liz_rhap02.mid	Lento a capriccio	8:46	2014-03-07	66 KB	midis/liszt/liz_rhap02_format0.mid	mp3_link.php?id=d902410b93674539dcf99e2812bd2eab&amp;file=liz_rhap02.mp3	ogg/liszt/liz_rhap02.ogg
00252	Liszt	19 Hungarian Rhapsodies(1885)	No. 9 - Carnival in Pest	midis/liszt/liz_rhap09.mid	Moderato	10:31	2014-03-07	76 KB	midis/liszt/liz_rhap09_format0.mid	mp3_link.php?id=9648e6e9d99f0f036b1133fa48ca79d4&amp;file=liz_rhap09.mp3	ogg/liszt/liz_rhap09.ogg
00253	Liszt	19 Hungarian Rhapsodies(1885)	No. 10	midis/liszt/liz_rhap10.mid	Preludio	4:39	2014-03-08	44 KB	midis/liszt/liz_rhap10_format0.mid	mp3_link.php?id=3fc7dd5d7b57dedddda6c02252565fc7&amp;file=liz_rhap10.mp3	ogg/liszt/liz_rhap10.ogg
00254	Liszt	19 Hungarian Rhapsodies(1885)	No. 12	midis/liszt/liz_rhap12.mid	Mesto	8:43	2014-03-09	67 KB	midis/liszt/liz_rhap12_format0.mid	mp3_link.php?id=34ee34f2b37075ac79b27a7481d0035c&amp;file=liz_rhap12.mp3	ogg/liszt/liz_rhap12.ogg
00255	Liszt	19 Hungarian Rhapsodies(1885)	No. 15 - Rákóczy March	midis/liszt/liz_rhap15.mid	Allegro animato - Tempo di Marcia animato	5:57	2014-03-10	53 KB	midis/liszt/liz_rhap15_format0.mid	mp3_link.php?id=754b06b03ccdc359dba9f32529576c59&amp;file=liz_rhap15.mp3	ogg/liszt/liz_rhap15.ogg
00256	Granados	Danzas españolas(1900)	No. 2 - Oriental	midis/granados/gra_esp_2.mid	Andante	3:30	2001-07-15	19 KB	midis/granados/gra_esp_2_format0.mid	mp3_link.php?id=40d03160571715a0058f1ff5bf03c92b&amp;file=gra_esp_2.mp3	None
00257	Granados	Danzas españolas(1900)	No. 3 - Zarabanda	midis/granados/gra_esp_3.mid	Energico	3:11	2001-07-27	24 KB	midis/granados/gra_esp_3_format0.mid	mp3_link.php?id=06314e941ed5571855fb40785890ad97&amp;file=gra_esp_3.mp3	None
00258	Granados	Danzas españolas(1900)	No. 4 - Villanesca	midis/granados/gra_esp_4.mid	Allegretto, alla pastorale	4:45	2001-08-30	21 KB	midis/granados/gra_esp_4_format0.mid	mp3_link.php?id=adf029e538fcd6a432de74c2dff0a980&amp;file=gra_esp_4.mp3	None
00259	Debussy	Suite bergamasque(1905)	Prélude	midis/debussy/deb_prel.mid	Moderato (tempo rubato)	3:57	2011-08-04	19 KB	midis/debussy/deb_prel_format0.mid	mp3_link.php?id=56d168de29d6972fa10b65ec6a13c8c6&amp;file=deb_prel.mp3	ogg/debussy/deb_prel.ogg
00260	Debussy	Suite bergamasque(1905)	Menuet	midis/debussy/deb_menu.mid	Andantino	4:08	2011-08-09	22 KB	midis/debussy/deb_menu_format0.mid	mp3_link.php?id=82804ec71763d1c130fa3b2e52226a0f&amp;file=deb_menu.mp3	ogg/debussy/deb_menu.ogg
00261	Debussy	Suite bergamasque(1905)	Clair de Lune	midis/debussy/deb_clai.mid	Andante très expressif	4:07	2011-08-20	17 KB	midis/debussy/deb_clai_format0.mid	mp3_link.php?id=8bd5e8878f5689bf670f9b83c4c59d1f&amp;file=deb_clai.mp3	ogg/debussy/deb_clai.ogg
00262	Debussy	Suite bergamasque(1905)	Passepied	midis/debussy/deb_pass.mid	Allegretto ma non troppo	3:36	2011-08-24	23 KB	midis/debussy/deb_pass_format0.mid	mp3_link.php?id=f0b08885fc5d837c72629e58a7068ebd&amp;file=deb_pass.mp3	ogg/debussy/deb_pass.ogg
00263	Debussy	Children's Corner(1908)	I. Doctor Gradus ad Parnassum	midis/debussy/debussy_cc_1.mid	Modérément animé	2:24	2011-08-01	14 KB	midis/debussy/debussy_cc_1_format0.mid	mp3_link.php?id=26a88978fddf60985149e4d52b67972e&amp;file=debussy_cc_1.mp3	ogg/debussy/debussy_cc_1.ogg
00264	Debussy	Children's Corner(1908)	Jimbo's Lullaby	midis/debussy/debussy_cc_2.mid	Assez modéré	3:09	2011-09-01	8 KB	midis/debussy/debussy_cc_2_format0.mid	mp3_link.php?id=8104297c357c294e75ad210ca5b397cc&amp;file=debussy_cc_2.mp3	ogg/debussy/debussy_cc_2.ogg
00265	Debussy	Children's Corner(1908)	Serenade of the Doll	midis/debussy/debussy_cc_3.mid	Allegretto ma non troppo	2:45	2011-10-01	13 KB	midis/debussy/debussy_cc_3_format0.mid	mp3_link.php?id=368f6b6f9ad92c0018741cead33119f8&amp;file=debussy_cc_3.mp3	ogg/debussy/debussy_cc_3.ogg
00266	Debussy	Children's Corner(1908)	The snow is dancing	midis/debussy/debussy_cc_4.mid	Modérément animé	2:23	2011-11-01	14 KB	midis/debussy/debussy_cc_4_format0.mid	mp3_link.php?id=84585627769e52ac01f75eebb7367146&amp;file=debussy_cc_4.mp3	ogg/debussy/debussy_cc_4.ogg
00267	Debussy	Children's Corner(1908)	The little Shepherd	midis/debussy/debussy_cc_5.mid	Très modéré	2:13	2011-12-01	5 KB	midis/debussy/debussy_cc_5_format0.mid	mp3_link.php?id=9c38ee7f5a75e0e9e75fc5401b9501cf&amp;file=debussy_cc_5.mp3	ogg/debussy/debussy_cc_5.ogg
00268	Debussy	Children's Corner(1908)	Golli's cake walk	midis/debussy/debussy_cc_6.mid	Allegro giusto	2:23	2012-01-01	13 KB	midis/debussy/debussy_cc_6_format0.mid	mp3_link.php?id=f37984a638ef11572d8db6eb2d0ea018&amp;file=debussy_cc_6.mp3	ogg/debussy/debussy_cc_6.ogg
00269	Haydn	Piano Sonata in C major, Hoboken XVI:7(1766)	1. Movement	midis/haydn/haydn_7_1.mid	Allegro moderato	1:03	2012-06-01	7 KB	midis/haydn/haydn_7_1_format0.mid	mp3_link.php?id=31ec9b0169063e41e2f1c5a5556583ee&amp;file=haydn_7_1.mp3	ogg/haydn/haydn_7_1.ogg
00270	Haydn	Piano Sonata in C major, Hoboken XVI:7(1766)	2. Movement	midis/haydn/haydn_7_2.mid	Allegro moderato	1:03	2012-06-01	10 KB	midis/haydn/haydn_7_2_format0.mid	mp3_link.php?id=bc4c2976123f80a448d0649ba5638ea5&amp;file=haydn_7_2.mp3	ogg/haydn/haydn_7_2.ogg
00271	Haydn	Piano Sonata in C major, Hoboken XVI:7(1766)	3. Movement	midis/haydn/haydn_7_3.mid	Allegro moderato	1:31	2012-06-01	9 KB	midis/haydn/haydn_7_3_format0.mid	mp3_link.php?id=0ce308f96f842b42eedc95a12c03faf2&amp;file=haydn_7_3.mp3	ogg/haydn/haydn_7_3.ogg
00272	Haydn	Piano Sonata in G major, Hoboken XVI:8(1766)	1. Movement	midis/haydn/haydn_8_1.mid	Allegro	2:02	2012-04-01	12 KB	midis/haydn/haydn_8_1_format0.mid	mp3_link.php?id=bfb83ca557a2e700bd8d0a44b4400e4f&amp;file=haydn_8_1.mp3	ogg/haydn/haydn_8_1.ogg
00273	Haydn	Piano Sonata in G major, Hoboken XVI:8(1766)	2. Movement	midis/haydn/haydn_8_2.mid	Menuett	0:57	2012-04-01	5 KB	midis/haydn/haydn_8_2_format0.mid	mp3_link.php?id=f8b022bd9773ef58ef657ab26442ab70&amp;file=haydn_8_2.mp3	ogg/haydn/haydn_8_2.ogg
00274	Haydn	Piano Sonata in G major, Hoboken XVI:8(1766)	3. Movement	midis/haydn/haydn_8_3.mid	Andante	1:27	2012-05-01	5 KB	midis/haydn/haydn_8_3_format0.mid	mp3_link.php?id=7c3d8d2add82ad08ebcbdc5d956fc996&amp;file=haydn_8_3.mp3	ogg/haydn/haydn_8_3.ogg
00275	Haydn	Piano Sonata in G major, Hoboken XVI:8(1766)	4. Movement	midis/haydn/haydn_8_4.mid	Andante	0:40	2012-05-01	5 KB	midis/haydn/haydn_8_4_format0.mid	mp3_link.php?id=f54f5ad0cda976347f3b46909d79dfa7&amp;file=haydn_8_4.mp3	ogg/haydn/haydn_8_4.ogg
00276	Haydn	Piano Sonata in F major, Hoboken XVI:9(1766)	1. Movement	midis/haydn/haydn_9_1.mid	Allegro	2:24	2012-07-01	14 KB	midis/haydn/haydn_9_1_format0.mid	mp3_link.php?id=e4aae78bd0d4285a8559872c4c758959&amp;file=haydn_9_1.mp3	ogg/haydn/haydn_9_1.ogg
00277	Haydn	Piano Sonata in F major, Hoboken XVI:9(1766)	2. Movement	midis/haydn/haydn_9_2.mid	Allegro	2:50	2012-07-01	14 KB	midis/haydn/haydn_9_2_format0.mid	mp3_link.php?id=60c1f100135475014959fc3e43ec3b33&amp;file=haydn_9_2.mp3	ogg/haydn/haydn_9_2.ogg
00278	Haydn	Piano Sonata in F major, Hoboken XVI:9(1766)	3. Movement	midis/haydn/haydn_9_3.mid	Scherzo	0:51	2012-07-01	6 KB	midis/haydn/haydn_9_3_format0.mid	mp3_link.php?id=e266b10d6672985fa7479e8effef06ab&amp;file=haydn_9_3.mp3	ogg/haydn/haydn_9_3.ogg
00279	Haydn	Piano Sonata in D major, Hoboken XVI:33(1778)	1. Movement	midis/haydn/haydn_33_1.mid	Allegro	5:39	2012-11-01	31 KB	midis/haydn/haydn_33_1_format0.mid	mp3_link.php?id=ccabf2a74fcb6d419485e73778557213&amp;file=haydn_33_1.mp3	ogg/haydn/haydn_33_1.ogg
00280	Haydn	Piano Sonata in D major, Hoboken XVI:33(1778)	2. Movement	midis/haydn/haydn_33_2.mid	Adagio	5:18	2012-12-02	16 KB	midis/haydn/haydn_33_2_format0.mid	mp3_link.php?id=f3e88f966c1334c4ee21e9c09fd152ad&amp;file=haydn_33_2.mp3	ogg/haydn/haydn_33_2.ogg
00281	Haydn	Piano Sonata in D major, Hoboken XVI:33(1778)	3. Movement	midis/haydn/haydn_33_3.mid	Tempo di Menuet	3:57	2013-01-01	19 KB	midis/haydn/haydn_33_3_format0.mid	mp3_link.php?id=b60f5d943cdc9cd2d6cbe37e9f5f8258&amp;file=haydn_33_3.mp3	ogg/haydn/haydn_33_3.ogg
00282	Haydn	Piano Sonata in C major, Hoboken XVI:35(1780)	1. Movement	midis/haydn/haydn_35_1.mid	Allegro con brio	5:37	2011-12-04	37 KB	midis/haydn/haydn_35_1_format0.mid	mp3_link.php?id=b1098ff84454c77236032be0a011d924&amp;file=haydn_35_1.mp3	ogg/haydn/haydn_35_1.ogg
00283	Haydn	Piano Sonata in C major, Hoboken XVI:35(1780)	2. Movement	midis/haydn/haydn_35_2.mid	Adagio	6:35	2011-12-05	20 KB	midis/haydn/haydn_35_2_format0.mid	mp3_link.php?id=d37e7a58c5000ee361ab18e8b9f3bd29&amp;file=haydn_35_2.mp3	ogg/haydn/haydn_35_2.ogg
00284	Haydn	Piano Sonata in C major, Hoboken XVI:35(1780)	3. Movement	midis/haydn/haydn_35_3.mid	Finale Allegro	2:24	2011-12-06	16 KB	midis/haydn/haydn_35_3_format0.mid	mp3_link.php?id=eb029eb505e5dc8a4f5ba178a5c23f14&amp;file=haydn_35_3.mp3	ogg/haydn/haydn_35_3.ogg
00285	Haydn	Piano Sonata in G major, Hoboken XVI:40(1784)	1. Movement	midis/haydn/hay_40_1.mid	Allegro e innocente	6:34	2011-11-24	31 KB	midis/haydn/hay_40_1_format0.mid	mp3_link.php?id=ca2c60d38fb13e455e9f0a8e86c1c0dc&amp;file=hay_40_1.mp3	ogg/haydn/hay_40_1.ogg
00286	Haydn	Piano Sonata in G major, Hoboken XVI:40(1784)	2. Movement	midis/haydn/hay_40_2.mid	Presto	2:59	2011-11-29	22 KB	midis/haydn/hay_40_2_format0.mid	mp3_link.php?id=41db292924ccba57a389bcb4a053a92f&amp;file=hay_40_2.mp3	ogg/haydn/hay_40_2.ogg
00287	Haydn	Piano Sonata in Ab major, Hoboken XVI:43(1783)	1. Movement	midis/haydn/haydn_43_1.mid	Moderato	6:18	2012-08-03	31 KB	midis/haydn/haydn_43_1_format0.mid	mp3_link.php?id=06e04dc655128e4b949a986298db1698&amp;file=haydn_43_1.mp3	ogg/haydn/haydn_43_1.ogg
00288	Haydn	Piano Sonata in Ab major, Hoboken XVI:43(1783)	2. Movement	midis/haydn/haydn_43_2.mid	Menuet	2:29	2012-09-01	10 KB	midis/haydn/haydn_43_2_format0.mid	mp3_link.php?id=296f6d5ad0613a1df0e4f7f42e742308&amp;file=haydn_43_2.mp3	ogg/haydn/haydn_43_2.ogg
00289	Haydn	Piano Sonata in Ab major, Hoboken XVI:43(1783)	3. Movement	midis/haydn/haydn_43_3.mid	Rondo Presto	5:07	2012-10-01	25 KB	midis/haydn/haydn_43_3_format0.mid	mp3_link.php?id=f2e59116769107ebe2d1a660216d7acd&amp;file=haydn_43_3.mp3	ogg/haydn/haydn_43_3.ogg
00290	Tchaikovsky	The Seasons, Opus 37a(1876)	January - At the Fireside	midis/tchaikovsky/ty_januar.mid	Moderato simplice, ma espressivo	4:44	2008-09-06	20 KB	midis/tchaikovsky/ty_januar_format0.mid	mp3_link.php?id=9a555a2c716edba4ed103049e6278805&amp;file=ty_januar.mp3	ogg/tchaikovsky/ty_januar.ogg
00291	Tchaikovsky	The Seasons, Opus 37a(1876)	February - Carnival	midis/tchaikovsky/ty_februar.mid	Allegro giusto	2:44	2008-09-07	20 KB	midis/tchaikovsky/ty_februar_format0.mid	mp3_link.php?id=ea40311a1276efd05737c81ea1701279&amp;file=ty_februar.mp3	ogg/tchaikovsky/ty_februar.ogg
00292	Tchaikovsky	The Seasons, Opus 37a(1876)	March - Song of the Lark	midis/tchaikovsky/ty_maerz.mid	Andantino expressivo	2:17	2008-09-10	7 KB	midis/tchaikovsky/ty_maerz_format0.mid	mp3_link.php?id=f86e3b5025603ba1bd71d74e14f20a5b&amp;file=ty_maerz.mp3	ogg/tchaikovsky/ty_maerz.ogg
00293	Tchaikovsky	The Seasons, Opus 37a(1876)	April - Snowdrop	midis/tchaikovsky/ty_april.mid	Allegretto con moto e un poco rubato	2:09	2008-09-12	15 KB	midis/tchaikovsky/ty_april_format0.mid	mp3_link.php?id=6d2b7898012646cacf1e37a79699a8c4&amp;file=ty_april.mp3	ogg/tchaikovsky/ty_april.ogg
00294	Tchaikovsky	The Seasons, Opus 37a(1876)	May - Starlight Nights	midis/tchaikovsky/ty_mai.mid	Andantino	3:18	2008-09-14	12 KB	midis/tchaikovsky/ty_mai_format0.mid	mp3_link.php?id=37eb443327a7c1efab1f0885ba7aae8d&amp;file=ty_mai.mp3	ogg/tchaikovsky/ty_mai.ogg
00295	Tchaikovsky	The Seasons, Opus 37a(1876)	June - Barcarolle	midis/tchaikovsky/ty_juni.mid	Andante cantabile	3:54	2008-09-16	18 KB	midis/tchaikovsky/ty_juni_format0.mid	mp3_link.php?id=4beab9a006ceacda71a9280b1c1a5bd4&amp;file=ty_juni.mp3	ogg/tchaikovsky/ty_juni.ogg
00296	Tchaikovsky	The Seasons, Opus 37a(1876)	July - Song of the Reaper	midis/tchaikovsky/ty_juli.mid	Allegro moderato con moto	1:54	2008-09-19	11 KB	midis/tchaikovsky/ty_juli_format0.mid	mp3_link.php?id=122ce5855b350201697ebacab90e4e1c&amp;file=ty_juli.mp3	ogg/tchaikovsky/ty_juli.ogg
00297	Tchaikovsky	The Seasons, Opus 37a(1876)	August - Harvest	midis/tchaikovsky/ty_august.mid	Allegro vivace	3:13	2008-09-21	25 KB	midis/tchaikovsky/ty_august_format0.mid	mp3_link.php?id=7b136c5f0b84c7c028f82feaaad48567&amp;file=ty_august.mp3	ogg/tchaikovsky/ty_august.ogg
00298	Tchaikovsky	The Seasons, Opus 37a(1876)	September - The Hunt	midis/tchaikovsky/ty_september.mid	Allegro non troppo	2:44	2008-09-22	20 KB	midis/tchaikovsky/ty_september_format0.mid	mp3_link.php?id=0b0c7e554fbcabbfc42286f9f7c0dc3f&amp;file=ty_september.mp3	ogg/tchaikovsky/ty_september.ogg
00299	Tchaikovsky	The Seasons, Opus 37a(1876)	October - Autumn Song	midis/tchaikovsky/ty_oktober.mid	Andante doloroso e molto cantabile	3:12	2008-09-24	11 KB	midis/tchaikovsky/ty_oktober_format0.mid	mp3_link.php?id=657bf92d37c895da7dc00a510deff3db&amp;file=ty_oktober.mp3	ogg/tchaikovsky/ty_oktober.ogg
00300	Tchaikovsky	The Seasons, Opus 37a(1876)	November - Troika Ride	midis/tchaikovsky/ty_november.mid	Allegro moderato	2:58	2008-09-26	18 KB	midis/tchaikovsky/ty_november_format0.mid	mp3_link.php?id=739e2f2e190b6c44e9a3f82f1b01a2e1&amp;file=ty_november.mp3	ogg/tchaikovsky/ty_november.ogg
00301	Tchaikovsky	The Seasons, Opus 37a(1876)	December - Christmas	midis/tchaikovsky/ty_dezember.mid	Tempo di valse	4:00	2008-09-28	27 KB	midis/tchaikovsky/ty_dezember_format0.mid	mp3_link.php?id=a6d7c6bb0e2d844efe0787f2787c0610&amp;file=ty_dezember.mp3	ogg/tchaikovsky/ty_dezember.ogg
00302	Schubert	Piano Sonata in D major, D 850, Opus 53(1825)	1. Movement	midis/schubert/schubert_D850_1.mid	Allegro vivace	8:47	2014-03-13	75 KB	midis/schubert/schubert_D850_1_format0.mid	mp3_link.php?id=7ed8e0f0903c0b7458a712aa0cf45046&amp;file=schubert_D850_1.mp3	ogg/schubert/schubert_D850_1.ogg
00303	Schubert	Piano Sonata in D major, D 850, Opus 53(1825)	2. Movement	midis/schubert/schubert_D850_2.mid	Con moto	10:09	2014-03-13	45 KB	midis/schubert/schubert_D850_2_format0.mid	mp3_link.php?id=98aaf77586bbe10f86a037778b65fff8&amp;file=schubert_D850_2.mp3	ogg/schubert/schubert_D850_2.ogg
00304	Schubert	Piano Sonata in D major, D 850, Opus 53(1825)	3. Movement	midis/schubert/schubert_D850_3.mid	Scherzo	9:24	2014-03-13	57 KB	midis/schubert/schubert_D850_3_format0.mid	mp3_link.php?id=c4f8e1480d5441c740b36b6582ec86d0&amp;file=schubert_D850_3.mp3	ogg/schubert/schubert_D850_3.ogg
00305	Schubert	Piano Sonata in D major, D 850, Opus 53(1825)	4. Movement	midis/schubert/schubert_D850_4.mid	Rondo - Allegro moderato	9:07	2014-03-13	54 KB	midis/schubert/schubert_D850_4_format0.mid	mp3_link.php?id=0592f9a0dafb2a7fc481646fdbdc5d23&amp;file=schubert_D850_4.mp3	ogg/schubert/schubert_D850_4.ogg
00306	Schubert	Fantasia C major(Wanderer), D 760, Opus 15(1822)	1. Movement	midis/schubert/schub_d760_1.mid	Allegro con fuoco ma non troppo	5:54	2014-03-15	41 KB	midis/schubert/schub_d760_1_format0.mid	mp3_link.php?id=99483e0f13ac16894c4f66e87ec8afa2&amp;file=schub_d760_1.mp3	ogg/schubert/schub_d760_1.ogg
00307	Schubert	Fantasia C major(Wanderer), D 760, Opus 15(1822)	2. Movement	midis/schubert/schub_d760_2.mid	Adagio	7:00	2014-03-15	34 KB	midis/schubert/schub_d760_2_format0.mid	mp3_link.php?id=ae2194f8ce7f77b72c0df156285fe27c&amp;file=schub_d760_2.mp3	ogg/schubert/schub_d760_2.ogg
00308	Schubert	Fantasia C major(Wanderer), D 760, Opus 15(1822)	3. Movement	midis/schubert/schub_d760_3.mid	Presto	4:29	2014-03-15	35 KB	midis/schubert/schub_d760_3_format0.mid	mp3_link.php?id=b65a94b75dd09ccd5022cb00a37f6b5e&amp;file=schub_d760_3.mp3	ogg/schubert/schub_d760_3.ogg
00309	Schubert	Fantasia C major(Wanderer), D 760, Opus 15(1822)	4. Movement	midis/schubert/schub_d760_4.mid	Allegro	3:27	2014-03-15	32 KB	midis/schubert/schub_d760_4_format0.mid	mp3_link.php?id=1d9d64e1b6c01c041bcf4efaefdb5bb7&amp;file=schub_d760_4.mp3	ogg/schubert/schub_d760_4.ogg
00310	Schubert	6 Moments musicaux, D 780, Opus 94(1828)	No. 1	midis/schubert/schumm-1.mid	Moderato	4:30	2014-03-16	25 KB	midis/schubert/schumm-1_format0.mid	mp3_link.php?id=5e9141f3ef0250d355b7fbdadd831a1a&amp;file=schumm-1.mp3	ogg/schubert/schumm-1.ogg
00311	Schubert	6 Moments musicaux, D 780, Opus 94(1828)	No. 2	midis/schubert/schumm-2.mid	Andantino	5:20	2014-03-16	17 KB	midis/schubert/schumm-2_format0.mid	mp3_link.php?id=d60d44fc7c16db7a43e657390c165444&amp;file=schumm-2.mp3	ogg/schubert/schumm-2.ogg
00312	Schubert	6 Moments musicaux, D 780, Opus 94(1828)	No. 3	midis/schubert/schumm-3.mid	Allegretto moderato	1:43	2014-03-16	9 KB	midis/schubert/schumm-3_format0.mid	mp3_link.php?id=8dae0ef47ffcb9db2f9956b6dc8bc7b9&amp;file=schumm-3.mp3	ogg/schubert/schumm-3.ogg
00313	Schubert	6 Moments musicaux, D 780, Opus 94(1828)	No. 4	midis/schubert/schumm-4.mid	Moderato	5:09	2014-03-16	28 KB	midis/schubert/schumm-4_format0.mid	mp3_link.php?id=6c87dd05c4b467dc793119d60dd09787&amp;file=schumm-4.mp3	ogg/schubert/schumm-4.ogg
00314	Schubert	6 Moments musicaux, D 780, Opus 94(1828)	No. 5	midis/schubert/schumm-5.mid	Allegro vivace	1:59	2014-03-16	20 KB	midis/schubert/schumm-5_format0.mid	mp3_link.php?id=d300160b5ed3506490691680157778f2&amp;file=schumm-5.mp3	ogg/schubert/schumm-5.ogg
00315	Schubert	6 Moments musicaux, D 780, Opus 94(1828)	No. 6	midis/schubert/schumm-6.mid	Allegretto	5:14	2014-03-16	20 KB	midis/schubert/schumm-6_format0.mid	mp3_link.php?id=c38ecd48810372ad5d6176af125f8051&amp;file=schumm-6.mp3	ogg/schubert/schumm-6.ogg
00316	Schubert	Piano Sonata in A minor, D 784, Opus 143(1823)	1. Movement	midis/schubert/schu_143_1.mid	Allegro giusto	12:30	2014-03-17	56 KB	midis/schubert/schu_143_1_format0.mid	mp3_link.php?id=261067dcfc5d2f310f46217730607434&amp;file=schu_143_1.mp3	ogg/schubert/schu_143_1.ogg
00317	Schubert	Piano Sonata in A minor, D 784, Opus 143(1823)	2. Movement	midis/schubert/schu_143_2.mid	Andante	3:48	2014-03-17	14 KB	midis/schubert/schu_143_2_format0.mid	mp3_link.php?id=ab70d59b91acb5bf7c2243c5ed9c21e1&amp;file=schu_143_2.mp3	ogg/schubert/schu_143_2.ogg
00318	Schubert	Piano Sonata in A minor, D 784, Opus 143(1823)	3. Movement	midis/schubert/schu_143_3.mid	Allegro vivace	5:29	2014-03-17	36 KB	midis/schubert/schu_143_3_format0.mid	mp3_link.php?id=9f99878453b71e8ec519da9aea34ff22&amp;file=schu_143_3.mp3	ogg/schubert/schu_143_3.ogg
00319	Schubert	4 Impromptus, D 899, Opus 90(1827)	No. 1	midis/schubert/schuim-1.mid	Allegro	7:44	2014-03-18	41 KB	midis/schubert/schuim-1_format0.mid	mp3_link.php?id=2f94483b42dadb2b3541c3461833b5b2&amp;file=schuim-1.mp3	ogg/schubert/schuim-1.ogg
00320	Schubert	4 Impromptus, D 899, Opus 90(1827)	No. 2	midis/schubert/schuim-2.mid	Allegro	4:30	2014-03-18	29 KB	midis/schubert/schuim-2_format0.mid	mp3_link.php?id=50e9fa4e6040c492adbe8ec1db4e51f8&amp;file=schuim-2.mp3	ogg/schubert/schuim-2.ogg
00321	Schubert	4 Impromptus, D 899, Opus 90(1827)	No. 3	midis/schubert/schuim-3.mid	Allegro	5:12	2014-03-19	39 KB	midis/schubert/schuim-3_format0.mid	mp3_link.php?id=007c210fdf27b3e14228f4de5df573ae&amp;file=schuim-3.mp3	ogg/schubert/schuim-3.ogg
00322	Schubert	4 Impromptus, D 899, Opus 90(1827)	No. 4	midis/schubert/schuim-4.mid	Allegretto	7:00	2014-03-19	48 KB	midis/schubert/schuim-4_format0.mid	mp3_link.php?id=93a36e108333cf7d2b1fe7b0053c4821&amp;file=schuim-4.mp3	ogg/schubert/schuim-4.ogg
00323	Schubert	4 Impromptus, D 935, Opus posth. 142	No. 1	midis/schubert/schubert_d935_1.mid	Allegro moderato	8:38	2014-03-20	84 KB	midis/schubert/schubert_d935_1_format0.mid	mp3_link.php?id=6e84851ef3ebc5045dacc5227c6e8ec9&amp;file=schubert_d935_1.mp3	ogg/schubert/schubert_d935_1.ogg
00324	Schubert	4 Impromptus, D 935, Opus posth. 142	No. 2	midis/schubert/schubert_d935_2.mid	Allegretto	7:00	2014-03-20	27 KB	midis/schubert/schubert_d935_2_format0.mid	mp3_link.php?id=26f341635f52923deaa9b378466fd8c4&amp;file=schubert_d935_2.mp3	ogg/schubert/schubert_d935_2.ogg
00325	Schubert	4 Impromptus, D 935, Opus posth. 142	No. 3	midis/schubert/schubert_d935_3.mid	Andante	11:15	2014-03-21	58 KB	midis/schubert/schubert_d935_3_format0.mid	mp3_link.php?id=3fac331fdb7038df00ec47b444c7bf34&amp;file=schubert_d935_3.mp3	ogg/schubert/schubert_d935_3.ogg
00326	Schubert	4 Impromptus, D 935, Opus posth. 142	No. 4	midis/schubert/schubert_d935_4.mid	Allegro scherzando	5:35	2014-03-22	54 KB	midis/schubert/schubert_d935_4_format0.mid	mp3_link.php?id=ccf3b46d6d0e73df0344db544dded1a8&amp;file=schubert_d935_4.mp3	ogg/schubert/schubert_d935_4.ogg
00327	Schubert	Piano Sonata in Bb major, D 960(1828)	1. Movement	midis/schubert/schub_d960_1.mid	Molto moderato	22:06	2014-03-23	104 KB	midis/schubert/schub_d960_1_format0.mid	mp3_link.php?id=f73b1e4e385c563672ce6f4cf2928533&amp;file=schub_d960_1.mp3	ogg/schubert/schub_d960_1.ogg
00328	Schubert	Piano Sonata in Bb major, D 960(1828)	2. Movement	midis/schubert/schub_d960_2.mid	Andante sostenuto	8:36	2014-03-24	23 KB	midis/schubert/schub_d960_2_format0.mid	mp3_link.php?id=129eafe071da93358350ca9dd43f9229&amp;file=schub_d960_2.mp3	ogg/schubert/schub_d960_2.ogg
00329	Schubert	Piano Sonata in Bb major, D 960(1828)	3. Movement	midis/schubert/schub_d960_3.mid	Scherzo - Allegro vivace con delicatezza	3:55	2014-03-24	29 KB	midis/schubert/schub_d960_3_format0.mid	mp3_link.php?id=760095b57b3bb8435adda5bd4f91f1a0&amp;file=schub_d960_3.mp3	ogg/schubert/schub_d960_3.ogg
00330	Schubert	Piano Sonata in Bb major, D 960(1828)	4. Movement	midis/schubert/schub_d960_4.mid	Allegro, ma non troppo	8:04	2014-03-25	57 KB	midis/schubert/schub_d960_4_format0.mid	mp3_link.php?id=536666595fef1a1d0a67fd6c10270a16&amp;file=schub_d960_4.mp3	ogg/schubert/schub_d960_4.ogg
00331	Godowsky	53 Studies on Études on Frédéric Chopin(1914)	No. 1	midis/godowsky/god_chpn_op10_e01.mid	Allegro	1:31	2010-11-01	21 KB	midis/godowsky/god_chpn_op10_e01_format0.mid	mp3_link.php?id=888133d2a58a98870a7f85ec49f9ad62&amp;file=god_chpn_op10_e01.mp3	ogg/godowsky/god_chpn_op10_e01.ogg
00332	Godowsky	Transcription Albéniz: Tango(1921)	Tango	midis/godowsky/god_alb_esp2.mid	Andantino grazioso	2:38	2010-12-01	12 KB	midis/godowsky/god_alb_esp2_format0.mid	mp3_link.php?id=a6d1205fdd2a026b3340c37169541bf2&amp;file=god_alb_esp2.mp3	ogg/godowsky/god_alb_esp2.ogg
